valid_time,rainfall_mm,runoff_mm
2000-01-01,0.050832644,0.22344485
2000-01-02,0.00528271,0.21168557
2000-01-03,0.0390902,0.20979446
2000-01-04,0.10092428,0.2107524
2000-01-05,0.12895347,0.20484191
2000-01-06,0.032894645,0.19557172
2000-01-07,0.012337954,0.19189729
2000-01-08,0.015029983,0.18936986
2000-01-09,0.06296268,0.19027665
2000-01-10,0.12812679,0.18943204
2000-01-11,0.022996178,0.17771743
2000-01-12,0.021667253,0.17456733
2000-01-13,0.020144174,0.17162707
2000-01-14,0.0098576415,0.16672353
2000-01-15,0.03563248,0.16483632
2000-01-16,0.031476237,0.16165574
2000-01-17,0.018927041,0.15621817
2000-01-18,0.086282134,0.15466318
2000-01-19,0.06001455,0.15180854
2000-01-20,0.10692094,0.15865843
2000-01-21,0.1044722,0.16167462
2000-01-22,0.03700674,0.14506495
2000-01-23,0.045490835,0.14215046
2000-01-24,0.28667623,0.14700814
2000-01-25,0.32400575,0.14687784
2000-01-26,0.038635205,0.1341384
2000-01-27,0.06699645,0.13400312
2000-01-28,0.021184957,0.13195454
2000-01-29,0.0011706126,0.12569489
2000-01-30,0.0002152769,0.12319618
2000-01-31,0.00044194664,0.12103867
2000-02-01,0.0009650671,0.11899259
2000-02-02,0.003754885,0.11698828
2000-02-03,0.017102053,0.11557474
2000-02-04,0.024618706,0.11502647
2000-02-05,0.03206997,0.114656314
2000-02-06,0.024964763,0.11139334
2000-02-07,0.14868966,0.11093252
2000-02-08,0.5625027,0.11430041
2000-02-09,0.35573927,0.117136866
2000-02-10,0.07048242,0.10897747
2000-02-11,0.06786682,0.107662186
2000-02-12,0.16302656,0.10887078
2000-02-13,0.27394545,0.10689691
2000-02-14,0.07763023,0.102155775
2000-02-15,0.09214231,0.09982274
2000-02-16,0.16559695,0.09790169
2000-02-17,0.49378064,0.100713156
2000-02-18,0.36025864,0.10221927
2000-02-19,0.16807976,0.090685815
2000-02-20,0.18598951,0.0907493
2000-02-21,0.1919679,0.08932164
2000-02-22,0.44020686,0.09030213
2000-02-23,0.07773703,0.08430441
2000-02-24,0.2742711,0.09872297
2000-02-25,0.05288869,0.08196544
2000-02-26,0.030614538,0.08170334
2000-02-27,0.01934015,0.07956452
2000-02-28,0.047769163,0.0799273
2000-02-29,0.084017806,0.078413606
2000-03-01,0.014970409,0.07661283
2000-03-02,0.0004647323,0.073748484
2000-03-03,0.00030309657,0.072542265
2000-03-04,0.005510092,0.07162835
2000-03-05,0.00795765,0.0706151
2000-03-06,0.034693997,0.07076
2000-03-07,0.1422527,0.078940526
2000-03-08,0.51933074,0.08937991
2000-03-09,0.07913325,0.0707171
2000-03-10,0.033032782,0.06704451
2000-03-11,0.027530523,0.066191
2000-03-12,0.07641404,0.06750889
2000-03-13,0.058233947,0.065691374
2000-03-14,0.058816876,0.06409947
2000-03-15,0.16052513,0.06966273
2000-03-16,0.364582,0.08122728
2000-03-17,0.615973,0.07303845
2000-03-18,0.5242837,0.0692158
2000-03-19,0.4201161,0.07176838
2000-03-20,0.36994424,0.06365966
2000-03-21,0.43435237,0.06062252
2000-03-22,0.16693644,0.05678142
2000-03-23,1.5507236,0.06774612
2000-03-24,2.0780811,0.080211416
2000-03-25,2.9998794,0.112458624
2000-03-26,1.9234409,0.1113696
2000-03-27,0.3853134,0.07461463
2000-03-28,0.14237316,0.05533091
2000-03-29,0.1944005,0.05953712
2000-03-30,0.280174,0.06376303
2000-03-31,0.5910682,0.07426293
2000-04-01,1.10885,0.07824496
2000-04-02,1.4811512,0.108998
2000-04-03,3.2371495,0.24529272
2000-04-04,0.81252676,0.092349164
2000-04-05,0.9580274,0.08861066
2000-04-06,2.1113513,0.14236094
2000-04-07,1.47631,0.105382085
2000-04-08,1.7573512,0.1003468
2000-04-09,1.3225286,0.08903563
2000-04-10,2.5423203,0.1840278
2000-04-11,2.476729,0.14985278
2000-04-12,2.6153994,0.17609602
2000-04-13,2.7394383,0.20152304
2000-04-14,6.3917136,0.4193383
2000-04-15,6.305605,0.25348145
2000-04-16,1.7217187,0.15117714
2000-04-17,2.334964,0.21698049
2000-04-18,3.2409594,0.3325951
2000-04-19,3.638869,0.2731712
2000-04-20,4.509264,0.33861312
2000-04-21,9.737955,0.65724516
2000-04-22,3.5780509,0.41343182
2000-04-23,1.505176,0.21926475
2000-04-24,2.8721924,0.25388268
2000-04-25,3.8643138,0.28961864
2000-04-26,2.1776674,0.27541122
2000-04-27,3.1889594,0.31402206
2000-04-28,1.6764966,0.1577282
2000-04-29,1.5466269,0.20697226
2000-04-30,2.4027677,0.35977176
2000-05-01,1.7089599,0.21355173
2000-05-02,2.2449026,0.21260671
2000-05-03,1.2594972,0.17284516
2000-05-04,1.4527272,0.16624244
2000-05-05,1.6207513,0.17537746
2000-05-06,1.611257,0.18457668
2000-05-07,3.6042635,0.27349377
2000-05-08,4.8341775,0.44344586
2000-05-09,2.8281064,0.28554618
2000-05-10,6.7600174,0.654154
2000-05-11,5.2648473,0.4386229
2000-05-12,5.009386,0.41855386
2000-05-13,4.4968143,0.3062949
2000-05-14,5.817553,0.39335102
2000-05-15,3.0260172,0.3521026
2000-05-16,1.3867198,0.17850098
2000-05-17,3.10763,0.23824994
2000-05-18,1.857838,0.19702263
2000-05-19,1.604149,0.18546319
2000-05-20,1.8481667,0.15488166
2000-05-21,2.1069665,0.23524022
2000-05-22,2.0169406,0.26903868
2000-05-23,3.721376,0.40073273
2000-05-24,5.622278,0.4739671
2000-05-25,3.8142922,0.3129146
2000-05-26,2.654251,0.27538437
2000-05-27,3.973956,0.3704163
2000-05-28,1.2629799,0.14987901
2000-05-29,3.167061,0.23950209
2000-05-30,5.709823,0.4093933
2000-05-31,1.8286937,0.17509489
2000-06-01,1.5491295,0.14720276
2000-06-02,3.7035222,0.29475954
2000-06-03,7.3576307,0.7075416
2000-06-04,3.6103816,0.54158497
2000-06-05,2.0179408,0.22803581
2000-06-06,3.8472044,0.4222921
2000-06-07,6.1649866,0.6937527
2000-06-08,6.5456104,0.83634686
2000-06-09,3.8395102,0.31297404
2000-06-10,3.393682,0.2868561
2000-06-11,2.331565,0.24540167
2000-06-12,1.7453257,0.22264391
2000-06-13,4.926686,0.44931245
2000-06-14,6.928893,0.5658787
2000-06-15,5.3035316,0.50791574
2000-06-16,3.798205,0.3559823
2000-06-17,3.8522332,0.4054084
2000-06-18,2.3950295,0.31115013
2000-06-19,3.0838125,0.30657437
2000-06-20,4.3407555,0.36795488
2000-06-21,3.8756418,0.40373594
2000-06-22,5.613034,0.5121189
2000-06-23,3.6423583,0.43348
2000-06-24,7.160824,0.5362709
2000-06-25,5.9204674,0.4343577
2000-06-26,4.128231,0.32946268
2000-06-27,2.4759862,0.29046017
2000-06-28,6.93645,0.6338222
2000-06-29,5.7240705,0.4973238
2000-06-30,6.0657077,0.52679026
2000-07-01,4.2816467,0.39608872
2000-07-02,7.242453,0.6341025
2000-07-03,7.9241815,0.7634218
2000-07-04,4.3310475,0.57997483
2000-07-05,2.3597379,0.34590524
2000-07-06,3.7312636,0.4043884
2000-07-07,3.498787,0.350453
2000-07-08,3.6613724,0.37867895
2000-07-09,1.8465233,0.29601416
2000-07-10,6.455784,0.4656017
2000-07-11,8.831746,0.7432051
2000-07-12,3.4357266,0.41930088
2000-07-13,1.3353664,0.22362073
2000-07-14,5.9142814,0.56162244
2000-07-15,6.0520716,0.6310186
2000-07-16,4.0862255,0.36423892
2000-07-17,6.895462,0.69895756
2000-07-18,3.9908247,0.5362621
2000-07-19,7.596805,0.7658806
2000-07-20,8.69933,0.7816815
2000-07-21,9.039013,1.1170545
2000-07-22,5.795163,0.60653734
2000-07-23,6.3690085,0.60341763
2000-07-24,8.407856,0.91151565
2000-07-25,4.7061925,0.5391149
2000-07-26,5.081184,0.5188468
2000-07-27,8.407107,1.0530373
2000-07-28,6.421629,0.8763028
2000-07-29,3.0440633,0.39799097
2000-07-30,2.7995842,0.38371065
2000-07-31,6.785391,1.0645572
2000-08-01,4.5321054,0.66850615
2000-08-02,5.8219376,0.8162256
2000-08-03,3.7599857,0.50560117
2000-08-04,5.1703634,0.63012785
2000-08-05,11.668029,1.4266098
2000-08-06,8.321163,1.2498515
2000-08-07,1.989977,0.34978855
2000-08-08,3.870324,0.48768562
2000-08-09,8.158577,1.0881969
2000-08-10,4.4158287,0.658233
2000-08-11,6.949865,0.75472677
2000-08-12,5.960642,0.718799
2000-08-13,5.3590803,0.5427283
2000-08-14,5.2876244,0.74006695
2000-08-15,5.074036,0.7048749
2000-08-16,7.786873,0.9612561
2000-08-17,10.428461,1.2905352
2000-08-18,7.24876,1.1396807
2000-08-19,2.6580873,0.5114353
2000-08-20,5.4493504,0.7083992
2000-08-21,7.3487043,1.1870085
2000-08-22,5.5141397,0.8249556
2000-08-23,4.364668,0.7238868
2000-08-24,5.7714615,0.81262875
2000-08-25,3.5287821,0.5788488
2000-08-26,5.2563376,0.8206855
2000-08-27,5.5194445,1.0746758
2000-08-28,3.4320412,0.6377208
2000-08-29,3.0692956,0.5495038
2000-08-30,3.7713497,0.6608018
2000-08-31,5.225298,0.8522638
2000-09-01,2.0993974,0.50529337
2000-09-02,3.4830198,0.6075794
2000-09-03,4.66224,0.739607
2000-09-04,6.242008,1.053629
2000-09-05,4.344434,0.7289954
2000-09-06,4.1800213,0.8310593
2000-09-07,3.5724127,0.58518815
2000-09-08,2.792562,0.5753142
2000-09-09,7.969479,1.1130176
2000-09-10,3.5837963,0.7191635
2000-09-11,2.649462,0.5870353
2000-09-12,1.88722,0.47202238
2000-09-13,5.9695463,0.7606419
2000-09-14,3.9271214,0.7201501
2000-09-15,3.195239,0.68700355
2000-09-16,3.7978683,0.65093094
2000-09-17,6.0880795,0.8959176
2000-09-18,6.1154137,1.0004506
2000-09-19,3.9729724,0.64766616
2000-09-20,6.101741,0.9692564
2000-09-21,5.604582,0.96501994
2000-09-22,2.312762,0.59912544
2000-09-23,3.6131544,0.768546
2000-09-24,7.3203006,0.9936601
2000-09-25,5.129467,1.0848532
2000-09-26,5.2518373,0.9615334
2000-09-27,6.806317,1.0200706
2000-09-28,6.780862,1.2881422
2000-09-29,3.103459,0.8323132
2000-09-30,3.3599043,0.8143962
2000-10-01,6.091418,1.0015455
2000-10-02,7.5119333,1.0173365
2000-10-03,5.901143,1.1756699
2000-10-04,7.860178,1.4271337
2000-10-05,6.0195913,1.1730964
2000-10-06,4.336849,1.0415837
2000-10-07,3.9289858,1.0302855
2000-10-08,8.957321,1.7812002
2000-10-09,7.667761,1.4665781
2000-10-10,3.0796986,1.0451831
2000-10-11,3.0108109,0.8501266
2000-10-12,6.135672,1.3279597
2000-10-13,4.400084,1.14994
2000-10-14,3.6700003,1.164513
2000-10-15,3.9704418,1.3137953
2000-10-16,3.5099115,1.1254107
2000-10-17,2.5298443,1.0762777
2000-10-18,2.288301,0.9861152
2000-10-19,2.610048,1.0261945
2000-10-20,4.909748,1.2121356
2000-10-21,6.450674,1.6536111
2000-10-22,2.7149987,1.028935
2000-10-23,2.8794787,0.9666796
2000-10-24,1.8544887,0.8367479
2000-10-25,1.8451471,0.8916798
2000-10-26,1.7754261,0.85375583
2000-10-27,1.3141594,0.81673855
2000-10-28,0.9975913,0.8015337
2000-10-29,1.4034556,0.8074446
2000-10-30,1.8685979,0.8896335
2000-10-31,1.7584274,0.73544407
2000-11-01,1.8374866,0.6877424
2000-11-02,1.6002923,0.672748
2000-11-03,1.6606799,0.6390018
2000-11-04,1.7241086,0.6328685
2000-11-05,1.2911073,0.5938163
2000-11-06,3.0160265,0.8437647
2000-11-07,2.956743,0.85399705
2000-11-08,1.3856926,0.6372851
2000-11-09,1.5054772,0.6391913
2000-11-10,0.54173684,0.5719248
2000-11-11,0.8236594,0.55046326
2000-11-12,1.7056121,0.7439553
2000-11-13,0.82721514,0.5039219
2000-11-14,0.37743145,0.46721533
2000-11-15,1.3132808,0.5815093
2000-11-16,1.0142319,0.5021535
2000-11-17,1.3190186,0.5029367
2000-11-18,0.63598496,0.44809318
2000-11-19,0.36369503,0.42300996
2000-11-20,0.49638417,0.41661447
2000-11-21,0.31633884,0.3967806
2000-11-22,0.2389334,0.38098186
2000-11-23,0.9105665,0.39251935
2000-11-24,1.9175649,0.4579172
2000-11-25,1.3661215,0.43688565
2000-11-26,0.5975826,0.34731928
2000-11-27,0.58796823,0.33815765
2000-11-28,0.9117316,0.37281275
2000-11-29,0.9006893,0.35431314
2000-11-30,0.15797313,0.30917028
2000-12-01,0.13736992,0.29794765
2000-12-02,0.19287908,0.29870346
2000-12-03,0.11573638,0.28707746
2000-12-04,0.061912645,0.27714843
2000-12-05,0.059072267,0.26899537
2000-12-06,0.08440279,0.2651357
2000-12-07,0.0673005,0.2575927
2000-12-08,0.46805853,0.26912567
2000-12-09,0.14465302,0.24799508
2000-12-10,0.24793966,0.24140657
2000-12-11,0.44481903,0.24987085
2000-12-12,0.30576274,0.23980945
2000-12-13,0.50359035,0.24474324
2000-12-14,0.08945479,0.22715832
2000-12-15,0.08886593,0.2152673
2000-12-16,0.07269239,0.21353617
2000-12-17,0.23584972,0.21770856
2000-12-18,0.11892162,0.21012011
2000-12-19,0.08994137,0.21166301
2000-12-20,0.13523258,0.1963926
2000-12-21,0.07448937,0.18989494
2000-12-22,1.1683125,0.20997597
2000-12-23,0.72224903,0.1989333
2000-12-24,0.47954178,0.18996586
2000-12-25,0.3641251,0.17821546
2000-12-26,0.071480714,0.16943479
2000-12-27,0.013667354,0.16539295
2000-12-28,0.08408877,0.16369352
2000-12-29,0.070389375,0.16190556
2000-12-30,0.038051084,0.15625222
2000-12-31,0.06326198,0.15328866
2001-01-01,0.17288563,0.15285432
2001-01-02,0.015688632,0.14704706
2001-01-03,0.054777883,0.14524153
2001-01-04,0.038734887,0.14194664
2001-01-05,0.046038162,0.13893822
2001-01-06,0.0025325299,0.13607447
2001-01-07,0.0053114295,0.13343383
2001-01-08,0.0031142759,0.13089037
2001-01-09,0.0020806144,0.12854186
2001-01-10,0.0209965,0.12645762
2001-01-11,0.22613095,0.13338682
2001-01-12,0.27940995,0.13491774
2001-01-13,0.10761567,0.12857859
2001-01-14,0.118151896,0.13207333
2001-01-15,0.07445756,0.12721476
2001-01-16,0.0058105774,0.114037424
2001-01-17,0.03850561,0.11607899
2001-01-18,0.072356775,0.11240849
2001-01-19,0.17136587,0.11250853
2001-01-20,0.098445624,0.10951768
2001-01-21,0.1369358,0.10814947
2001-01-22,0.56131065,0.12268718
2001-01-23,0.42580965,0.13699575
2001-01-24,0.2671985,0.12082957
2001-01-25,0.021293426,0.099284664
2001-01-26,0.008019124,0.09700135
2001-01-27,0.0031966364,0.09530714
2001-01-28,0.0055746515,0.09374988
2001-01-29,0.06701757,0.10097756
2001-01-30,0.053246263,0.09748507
2001-01-31,0.036667567,0.092754915
2001-02-01,0.021251652,0.09148189
2001-02-02,0.08890224,0.0942434
2001-02-03,0.03973342,0.08681819
2001-02-04,0.0108416965,0.083949216
2001-02-05,0.0077414243,0.08266859
2001-02-06,0.027903162,0.081698835
2001-02-07,0.09200489,0.08257424
2001-02-08,0.07180161,0.083491005
2001-02-09,0.30196965,0.09126732
2001-02-10,0.48621774,0.10828262
2001-02-11,0.6486148,0.11530096
2001-02-12,0.76232827,0.11231473
2001-02-13,1.1292272,0.10159634
2001-02-14,0.7334033,0.094726525
2001-02-15,0.518176,0.08663815
2001-02-16,0.067699485,0.07180387
2001-02-17,0.053254332,0.07602752
2001-02-18,0.034519073,0.07312603
2001-02-19,0.053024102,0.07356975
2001-02-20,0.1915587,0.095507115
2001-02-21,0.31173187,0.0795873
2001-02-22,0.39027613,0.0762269
2001-02-23,0.31643853,0.07413394
2001-02-24,0.1648601,0.0833823
2001-02-25,0.01854823,0.06371959
2001-02-26,0.028087346,0.063554816
2001-02-27,0.051825482,0.06482683
2001-02-28,0.3366881,0.066079445
2001-03-01,0.52129316,0.07858675
2001-03-02,0.8744422,0.07717469
2001-03-03,0.92938316,0.07066933
2001-03-04,1.4278622,0.12674956
2001-03-05,0.7211627,0.07554563
2001-03-06,0.97763014,0.08356459
2001-03-07,2.2784832,0.2170294
2001-03-08,0.63080597,0.085103564
2001-03-09,2.0968947,0.11789128
2001-03-10,2.6446772,0.12035723
2001-03-11,3.104532,0.24492578
2001-03-12,0.3948608,0.07417773
2001-03-13,1.2189139,0.092932455
2001-03-14,3.2705169,0.38401648
2001-03-15,1.0262702,0.12698478
2001-03-16,0.656338,0.09748407
2001-03-17,0.8043747,0.12165525
2001-03-18,2.1674252,0.22714436
2001-03-19,1.1082507,0.13604681
2001-03-20,0.7992628,0.10791728
2001-03-21,2.674121,0.21556967
2001-03-22,3.5358634,0.2630527
2001-03-23,3.6222055,0.29770163
2001-03-24,0.6898393,0.096975714
2001-03-25,1.4221791,0.12290792
2001-03-26,0.6574732,0.08825914
2001-03-27,0.6214582,0.06858824
2001-03-28,1.4211462,0.12106644
2001-03-29,3.1372755,0.23054092
2001-03-30,1.6392986,0.13763517
2001-03-31,0.64447546,0.08407418
2001-04-01,2.6590908,0.18135442
2001-04-02,1.7676758,0.1289834
2001-04-03,2.0434093,0.15020376
2001-04-04,8.911692,0.5526705
2001-04-05,6.885743,0.42979205
2001-04-06,4.734518,0.35135016
2001-04-07,4.8417954,0.614614
2001-04-08,1.8066989,0.25077575
2001-04-09,2.4164298,0.3323391
2001-04-10,1.7958126,0.28595942
2001-04-11,1.51051,0.19413336
2001-04-12,1.1103592,0.20474519
2001-04-13,1.3954962,0.19942689
2001-04-14,1.47035,0.22595067
2001-04-15,2.563319,0.27162084
2001-04-16,1.9377207,0.22134928
2001-04-17,0.89347416,0.08714585
2001-04-18,1.2695628,0.14705068
2001-04-19,2.4672122,0.16849333
2001-04-20,3.420361,0.40974957
2001-04-21,3.9310803,0.3452858
2001-04-22,2.9163034,0.2456065
2001-04-23,1.7784603,0.18069506
2001-04-24,3.2928636,0.22502442
2001-04-25,2.9232647,0.3381558
2001-04-26,4.01141,0.2853684
2001-04-27,2.4326432,0.27489993
2001-04-28,0.9363544,0.20864819
2001-04-29,1.6415322,0.21590398
2001-04-30,1.594223,0.22752514
2001-05-01,1.5274912,0.21643849
2001-05-02,1.3193172,0.23183258
2001-05-03,1.4736376,0.26288563
2001-05-04,2.2254283,0.3105842
2001-05-05,0.9005265,0.2117939
2001-05-06,1.2205032,0.23432215
2001-05-07,0.85402656,0.20573221
2001-05-08,0.5643836,0.16667986
2001-05-09,1.6219012,0.22394982
2001-05-10,0.6809529,0.19168141
2001-05-11,1.5983824,0.22386579
2001-05-12,2.2355645,0.21403722
2001-05-13,3.03323,0.29069576
2001-05-14,4.6107388,0.3869009
2001-05-15,5.8777924,0.40108237
2001-05-16,3.151456,0.33052528
2001-05-17,1.7590183,0.27136937
2001-05-18,3.359023,0.43983552
2001-05-19,3.2138908,0.4013019
2001-05-20,3.060634,0.28782594
2001-05-21,2.7797897,0.30729496
2001-05-22,3.1658733,0.2862847
2001-05-23,5.5173445,0.48900366
2001-05-24,4.1337247,0.34921536
2001-05-25,2.2028322,0.23449992
2001-05-26,3.8919303,0.3689331
2001-05-27,4.5135026,0.2846547
2001-05-28,5.812336,0.40638143
2001-05-29,3.638618,0.29196343
2001-05-30,4.509049,0.30952594
2001-05-31,2.8105948,0.29205933
2001-06-01,4.272185,0.44950852
2001-06-02,9.397179,1.0221661
2001-06-03,3.3374968,0.6247682
2001-06-04,1.5513322,0.27593112
2001-06-05,1.360489,0.26976535
2001-06-06,4.476255,0.4023834
2001-06-07,3.82275,0.33886483
2001-06-08,6.793838,0.49118978
2001-06-09,4.8201103,0.3991121
2001-06-10,3.5390286,0.47625414
2001-06-11,4.8604918,0.53543204
2001-06-12,5.3071375,0.53973407
2001-06-13,3.1172936,0.325732
2001-06-14,2.7253032,0.36423725
2001-06-15,3.9885063,0.40932128
2001-06-16,4.4592395,0.34676304
2001-06-17,4.518692,0.3352545
2001-06-18,3.8345232,0.34163246
2001-06-19,4.4186993,0.4335391
2001-06-20,5.4848065,0.5027767
2001-06-21,3.5027537,0.38949645
2001-06-22,2.7595477,0.29763967
2001-06-23,3.0923,0.50173575
2001-06-24,3.6434395,0.3902499
2001-06-25,4.4406104,0.3914932
2001-06-26,2.9300401,0.2750484
2001-06-27,3.7964625,0.26235914
2001-06-28,4.4484224,0.4040629
2001-06-29,5.354575,0.5447493
2001-06-30,3.6962092,0.43419832
2001-07-01,1.1099497,0.2541433
2001-07-02,3.473832,0.41681004
2001-07-03,3.8777916,0.29188865
2001-07-04,5.3227425,0.49402773
2001-07-05,4.967743,0.35220513
2001-07-06,3.925046,0.2897003
2001-07-07,3.9198356,0.29577932
2001-07-08,3.2819912,0.3532688
2001-07-09,3.5177655,0.3878122
2001-07-10,5.3674946,0.43980962
2001-07-11,3.1806622,0.30146718
2001-07-12,2.83914,0.5246412
2001-07-13,4.3448396,0.50039476
2001-07-14,6.804804,0.42189658
2001-07-15,6.0916543,0.48552954
2001-07-16,4.414179,0.5040082
2001-07-17,6.7412925,0.68722105
2001-07-18,10.665937,1.2088287
2001-07-19,6.3508997,0.581473
2001-07-20,3.198141,0.36744148
2001-07-21,5.1519356,0.6311164
2001-07-22,5.9963217,0.7145169
2001-07-23,8.402454,1.2104902
2001-07-24,6.6790824,0.5288888
2001-07-25,6.1301017,0.5404859
2001-07-26,6.7412553,0.7934294
2001-07-27,3.608429,0.4616937
2001-07-28,6.611374,0.5928756
2001-07-29,14.291571,1.4596277
2001-07-30,9.341772,1.2292049
2001-07-31,3.3633006,0.4945505
2001-08-01,6.4709373,0.71132284
2001-08-02,10.465763,1.4345627
2001-08-03,2.3179183,0.39188275
2001-08-04,2.014482,0.36850375
2001-08-05,6.589201,0.6926305
2001-08-06,9.783536,1.2840736
2001-08-07,4.296958,0.5451343
2001-08-08,2.6981153,0.34110695
2001-08-09,8.691732,0.93046373
2001-08-10,4.479383,0.5006618
2001-08-11,3.7535589,0.47005937
2001-08-12,4.5264006,0.45274845
2001-08-13,7.225806,0.7383076
2001-08-14,7.1436915,0.875065
2001-08-15,5.9983287,0.75243527
2001-08-16,6.225714,0.85563016
2001-08-17,13.990224,2.2164373
2001-08-18,11.263474,1.6484797
2001-08-19,2.3435907,0.4491032
2001-08-20,2.3245616,0.4980155
2001-08-21,10.064986,1.6054294
2001-08-22,10.034754,1.454793
2001-08-23,3.914564,0.711542
2001-08-24,2.572354,0.5170002
2001-08-25,4.80355,0.6295995
2001-08-26,5.555917,0.74556607
2001-08-27,5.811474,0.7853509
2001-08-28,3.645586,0.62295425
2001-08-29,7.8519483,1.1433312
2001-08-30,8.8221245,1.2376105
2001-08-31,4.1369085,0.68398076
2001-09-01,3.1630247,0.5627051
2001-09-02,8.679885,1.3954071
2001-09-03,7.9448724,1.2230322
2001-09-04,4.578999,0.76865554
2001-09-05,3.2977095,0.7004617
2001-09-06,5.584377,0.8259055
2001-09-07,7.1251197,1.0671982
2001-09-08,3.1696117,0.61586684
2001-09-09,6.2102876,1.1703683
2001-09-10,4.0860033,0.88922566
2001-09-11,4.9022765,1.0608116
2001-09-12,4.610767,0.7358422
2001-09-13,2.2793267,0.6447048
2001-09-14,4.1074376,0.6283177
2001-09-15,2.711774,0.547174
2001-09-16,6.029463,0.7323069
2001-09-17,7.9371676,1.0470887
2001-09-18,5.6337004,1.0895869
2001-09-19,2.9175613,0.6134486
2001-09-20,4.3346934,0.634787
2001-09-21,4.87513,0.8922797
2001-09-22,3.4908226,0.5798301
2001-09-23,5.147348,0.9632602
2001-09-24,5.5038705,1.0099331
2001-09-25,3.9434922,0.7570342
2001-09-26,4.5698714,0.65057474
2001-09-27,5.0850086,0.7133677
2001-09-28,4.7578893,0.83789116
2001-09-29,8.912274,1.1781905
2001-09-30,4.6766253,0.8492593
2001-10-01,3.0620077,0.6331145
2001-10-02,4.481225,0.7346978
2001-10-03,5.369568,0.86853456
2001-10-04,3.0394113,0.61227995
2001-10-05,2.5554023,0.7593172
2001-10-06,3.0344055,0.582739
2001-10-07,5.755183,0.8746866
2001-10-08,7.1467147,1.3780141
2001-10-09,2.685575,0.57383114
2001-10-10,4.2706823,0.8071948
2001-10-11,2.932971,0.5930678
2001-10-12,2.9344335,0.74255437
2001-10-13,4.3356485,0.76719767
2001-10-14,5.8649273,1.1163774
2001-10-15,5.048073,1.2896338
2001-10-16,2.9347212,0.8394508
2001-10-17,1.5617132,0.53851837
2001-10-18,1.695996,0.5543396
2001-10-19,1.8432099,0.6207094
2001-10-20,1.1604795,0.48858044
2001-10-21,1.0869784,0.47582203
2001-10-22,1.1593397,0.47845352
2001-10-23,3.3839831,0.6191904
2001-10-24,4.553588,0.98838377
2001-10-25,6.100106,0.9196079
2001-10-26,6.919607,1.3427238
2001-10-27,2.963682,0.62983334
2001-10-28,5.327733,0.9529335
2001-10-29,6.389342,1.3328111
2001-10-30,5.7353406,0.9772156
2001-10-31,5.2627044,1.0432267
2001-11-01,2.9587667,0.7587911
2001-11-02,4.5698757,0.88813055
2001-11-03,4.1649246,0.7672424
2001-11-04,3.4948518,0.818676
2001-11-05,1.9829946,0.55766195
2001-11-06,0.8802993,0.4808997
2001-11-07,0.63323605,0.46657318
2001-11-08,1.7868845,0.5483391
2001-11-09,3.3401763,0.70165676
2001-11-10,2.2263615,0.5957452
2001-11-11,2.7029808,0.66905355
2001-11-12,1.748526,0.52170044
2001-11-13,2.2859702,0.5945473
2001-11-14,2.9143167,0.6884051
2001-11-15,3.05107,0.7320523
2001-11-16,1.1423914,0.53834724
2001-11-17,1.490488,0.5892947
2001-11-18,2.3235097,0.6462928
2001-11-19,2.5513744,0.6901418
2001-11-20,1.7875023,0.638567
2001-11-21,3.5000463,1.0004202
2001-11-22,1.2212789,0.63522875
2001-11-23,0.5172183,0.5220372
2001-11-24,0.10043154,0.4768895
2001-11-25,0.10568933,0.46224937
2001-11-26,0.17400475,0.4508393
2001-11-27,0.02338021,0.4234969
2001-11-28,0.060957067,0.4153294
2001-11-29,0.18238299,0.39409682
2001-11-30,0.7665465,0.39787874
2001-12-01,0.50683707,0.37811828
2001-12-02,0.42825767,0.36604556
2001-12-03,0.38540906,0.35505748
2001-12-04,0.12597543,0.33225167
2001-12-05,0.27688193,0.33050966
2001-12-06,0.4835029,0.34759364
2001-12-07,0.3087548,0.31960064
2001-12-08,0.49823266,0.3303651
2001-12-09,0.30465695,0.292569
2001-12-10,0.07268883,0.27697322
2001-12-11,0.009457943,0.2600024
2001-12-12,0.056999248,0.2548353
2001-12-13,0.9349645,0.27440152
2001-12-14,1.2082924,0.29454646
2001-12-15,0.057934172,0.23415653
2001-12-16,0.0942412,0.2277098
2001-12-17,0.111390725,0.22278383
2001-12-18,0.07122342,0.21434708
2001-12-19,0.33807114,0.21496236
2001-12-20,0.099795684,0.20668489
2001-12-21,0.05562499,0.20188938
2001-12-22,0.09208678,0.20102674
2001-12-23,0.02450905,0.18912835
2001-12-24,0.018286195,0.18345793
2001-12-25,0.05624827,0.18513031
2001-12-26,0.050847124,0.17443055
2001-12-27,0.14967561,0.18013717
2001-12-28,0.18130398,0.17094338
2001-12-29,0.1117083,0.17054512
2001-12-30,0.26143113,0.17130761
2001-12-31,0.22788283,0.16605183
2002-01-01,0.21704991,0.15819904
2002-01-02,0.22219163,0.16470782
2002-01-03,0.16100885,0.16214208
2002-01-04,0.32985097,0.17189814
2002-01-05,0.8104919,0.19087797
2002-01-06,1.0744569,0.16505009
2002-01-07,0.49968284,0.17331001
2002-01-08,0.29195297,0.17746045
2002-01-09,0.077947095,0.13988869
2002-01-10,0.03106823,0.1289008
2002-01-11,0.122473806,0.14614585
2002-01-12,0.23888046,0.16112404
2002-01-13,0.26457506,0.15801218
2002-01-14,0.4886131,0.23283765
2002-01-15,0.1594497,0.14312805
2002-01-16,0.14849705,0.13549241
2002-01-17,0.061635174,0.11507636
2002-01-18,0.011134587,0.1112139
2002-01-19,0.012856802,0.11050624
2002-01-20,0.028223824,0.11205875
2002-01-21,0.024899729,0.10797561
2002-01-22,0.014505201,0.10510248
2002-01-23,0.06252192,0.10692771
2002-01-24,0.042582106,0.10070248
2002-01-25,0.017874628,0.09990391
2002-01-26,0.005408031,0.096758306
2002-01-27,0.013730726,0.09623554
2002-01-28,0.005587468,0.0934513
2002-01-29,0.0038621675,0.09162554
2002-01-30,0.0037418306,0.0900528
2002-01-31,0.0034282906,0.08845875
2002-02-01,0.003307242,0.08683836
2002-02-02,0.0031361121,0.085288346
2002-02-03,0.0043174056,0.08427486
2002-02-04,0.0011008315,0.08241236
2002-02-05,0.0006114149,0.08091664
2002-02-06,0.0010419687,0.07961104
2002-02-07,0.0021779283,0.0784028
2002-02-08,0.009121142,0.07734885
2002-02-09,0.032410447,0.0760884
2002-02-10,0.20480452,0.076442584
2002-02-11,0.11427999,0.074390694
2002-02-12,0.4779057,0.076356605
2002-02-13,0.032244064,0.07136264
2002-02-14,0.006741466,0.0700019
2002-02-15,0.0010056541,0.068966344
2002-02-16,0.016440557,0.06847692
2002-02-17,0.07040789,0.07089938
2002-02-18,0.035082776,0.06804436
2002-02-19,0.082259275,0.07147407
2002-02-20,0.04873945,0.066333175
2002-02-21,0.017421288,0.06454177
2002-02-22,0.04531472,0.06274004
2002-02-23,0.03241211,0.06222131
2002-02-24,0.016807264,0.060431454
2002-02-25,0.017555391,0.059463657
2002-02-26,0.20212935,0.06089963
2002-02-27,1.1610911,0.071799
2002-02-28,1.2218139,0.09275218
2002-03-01,0.71177024,0.07392898
2002-03-02,1.2004247,0.10448881
2002-03-03,0.9755027,0.10237141
2002-03-04,1.21844,0.09474154
2002-03-05,1.2664942,0.11796427
2002-03-06,0.7071206,0.08420365
2002-03-07,1.3149195,0.10486762
2002-03-08,0.35339686,0.057479884
2002-03-09,2.0502515,0.13043076
2002-03-10,2.836739,0.15829368
2002-03-11,2.267732,0.14566556
2002-03-12,1.6211946,0.115477905
2002-03-13,4.2521095,0.19382885
2002-03-14,1.7864777,0.13993058
2002-03-15,2.1541822,0.161264
2002-03-16,1.6790423,0.24401507
2002-03-17,2.1290257,0.12641229
2002-03-18,3.6469522,0.15949278
2002-03-19,5.272194,0.37868622
2002-03-20,3.539186,0.22872981
2002-03-21,2.6056771,0.31152478
2002-03-22,0.2134613,0.05847545
2002-03-23,0.28240106,0.072587244
2002-03-24,0.70943946,0.09962728
2002-03-25,1.5223053,0.15417843
2002-03-26,1.8666922,0.16539627
2002-03-27,2.4938207,0.21492918
2002-03-28,3.160303,0.20871808
2002-03-29,5.6779776,0.5896039
2002-03-30,1.0976076,0.14449929
2002-03-31,0.58433557,0.111379094
2002-04-01,1.9942346,0.1552515
2002-04-02,1.554093,0.18513362
2002-04-03,0.78626794,0.089825295
2002-04-04,3.53439,0.5545405
2002-04-05,1.6920245,0.21742244
2002-04-06,0.5557173,0.11355002
2002-04-07,0.3801173,0.05737379
2002-04-08,0.5240647,0.08648234
2002-04-09,0.7481224,0.12077473
2002-04-10,1.4156632,0.19818816
2002-04-11,1.4554938,0.11747971
2002-04-12,1.5329335,0.12007289
2002-04-13,1.135271,0.11865727
2002-04-14,0.86228895,0.07488551
2002-04-15,1.5995631,0.108439036
2002-04-16,0.92377126,0.09499782
2002-04-17,2.7062783,0.21806547
2002-04-18,2.9669223,0.19031844
2002-04-19,2.5007658,0.20344262
2002-04-20,7.016629,0.5860338
2002-04-21,1.0981809,0.22394755
2002-04-22,2.1349308,0.24987085
2002-04-23,0.8004259,0.12004667
2002-04-24,0.16136298,0.06119655
2002-04-25,0.37027958,0.06474886
2002-04-26,2.1777031,0.15320334
2002-04-27,2.476027,0.13067853
2002-04-28,6.823259,0.5753699
2002-04-29,9.861217,1.2675698
2002-04-30,4.280939,0.41008234
2002-05-01,1.5720681,0.23650329
2002-05-02,3.6277094,0.44535688
2002-05-03,4.281043,0.43180108
2002-05-04,1.6587543,0.27456054
2002-05-05,1.1325153,0.25418922
2002-05-06,1.6040503,0.18467447
2002-05-07,3.5113747,0.5927496
2002-05-08,0.9813608,0.15685783
2002-05-09,0.7197046,0.19662318
2002-05-10,1.9079534,0.21240924
2002-05-11,3.7944746,0.24103382
2002-05-12,1.4271235,0.20204818
2002-05-13,1.1429449,0.22729741
2002-05-14,1.9862019,0.18512414
2002-05-15,3.596855,0.28585902
2002-05-16,2.1863887,0.20404892
2002-05-17,3.1970444,0.37790734
2002-05-18,2.631457,0.33953938
2002-05-19,1.509783,0.19291481
2002-05-20,1.9805334,0.20680207
2002-05-21,2.386222,0.27025688
2002-05-22,2.8219101,0.37530124
2002-05-23,0.33829945,0.16780977
2002-05-24,0.6831574,0.1931311
2002-05-25,1.0658994,0.20106341
2002-05-26,1.5235667,0.17284967
2002-05-27,3.0563495,0.23478521
2002-05-28,1.5639639,0.16649045
2002-05-29,1.4391418,0.17063667
2002-05-30,2.325979,0.18316112
2002-05-31,4.4470057,0.22216725
2002-06-01,2.0214021,0.18929718
2002-06-02,1.6983879,0.13975927
2002-06-03,6.239106,0.33000335
2002-06-04,3.8358915,0.25681764
2002-06-05,0.9212506,0.13755737
2002-06-06,3.742074,0.28840342
2002-06-07,6.0524426,0.40195024
2002-06-08,2.8303008,0.19187094
2002-06-09,1.1596762,0.13485543
2002-06-10,1.2444973,0.150908
2002-06-11,2.8977358,0.20825845
2002-06-12,3.3332868,0.1759815
2002-06-13,8.577507,0.43797433
2002-06-14,3.738825,0.19843012
2002-06-15,3.210187,0.19212265
2002-06-16,8.989588,0.5811121
2002-06-17,7.9076204,0.90447557
2002-06-18,2.6465168,0.19024521
2002-06-19,2.217864,0.24089949
2002-06-20,5.0363436,0.46108553
2002-06-21,4.741613,0.31521368
2002-06-22,1.9568177,0.21856304
2002-06-23,2.2651622,0.2747293
2002-06-24,4.7046347,0.5015285
2002-06-25,2.2423587,0.22638527
2002-06-26,2.6264708,0.2726392
2002-06-27,3.4858701,0.42387265
2002-06-28,8.267489,0.5415058
2002-06-29,6.8971767,0.5363826
2002-06-30,1.8893079,0.22920701
2002-07-01,1.9359603,0.2098627
2002-07-02,4.582031,0.40469056
2002-07-03,4.2085323,0.37701264
2002-07-04,3.0494885,0.4808435
2002-07-05,2.9710505,0.42425442
2002-07-06,2.7390594,0.3266261
2002-07-07,2.080132,0.35707626
2002-07-08,3.4735463,0.2898356
2002-07-09,2.983535,0.29951343
2002-07-10,3.7862463,0.36314875
2002-07-11,2.317693,0.2424787
2002-07-12,3.2502105,0.24569704
2002-07-13,2.7762928,0.26054415
2002-07-14,2.0915089,0.2800589
2002-07-15,5.31938,0.44859245
2002-07-16,1.8796455,0.2122711
2002-07-17,5.209613,0.37088197
2002-07-18,7.229761,0.5551442
2002-07-19,1.5285026,0.28026822
2002-07-20,2.9775622,0.34199718
2002-07-21,4.6084623,0.35807765
2002-07-22,3.320805,0.38619965
2002-07-23,4.419848,0.49115542
2002-07-24,4.9799924,0.41912562
2002-07-25,5.6668777,0.38088727
2002-07-26,3.6796188,0.31887674
2002-07-27,5.870577,0.47290012
2002-07-28,4.1150675,0.38592944
2002-07-29,5.0038705,0.4493425
2002-07-30,3.2779627,0.36746308
2002-07-31,4.865354,0.38156644
2002-08-01,5.478888,0.54868615
2002-08-02,5.6883297,0.5805272
2002-08-03,4.46869,0.34577543
2002-08-04,8.515401,0.66083884
2002-08-05,4.4594665,0.49964297
2002-08-06,3.3803618,0.522532
2002-08-07,5.3172193,0.4928463
2002-08-08,5.6015477,0.40071422
2002-08-09,6.113834,0.54258573
2002-08-10,1.9096602,0.26413077
2002-08-11,5.5575905,0.6359227
2002-08-12,5.312306,0.7081355
2002-08-13,3.968359,0.53145754
2002-08-14,3.5219748,0.6448101
2002-08-15,4.720369,0.62372875
2002-08-16,5.4531317,0.5849643
2002-08-17,3.3391225,0.49808806
2002-08-18,4.8141446,0.511846
2002-08-19,4.584731,0.41362846
2002-08-20,4.452664,0.53620577
2002-08-21,4.8849044,0.6480127
2002-08-22,9.99135,1.0862722
2002-08-23,6.9811864,1.0532914
2002-08-24,2.8754463,0.4725302
2002-08-25,4.749688,0.70608777
2002-08-26,4.180152,0.505744
2002-08-27,3.6468399,0.6984291
2002-08-28,2.5877092,0.42351398
2002-08-29,2.0963364,0.38984975
2002-08-30,5.905198,0.6171517
2002-08-31,5.9583645,0.6606452
2002-09-01,5.523059,0.5520767
2002-09-02,6.762746,0.97771233
2002-09-03,3.2744575,0.37158477
2002-09-04,3.278736,0.43660673
2002-09-05,2.6690993,0.3536215
2002-09-06,2.8081284,0.379145
2002-09-07,1.3345649,0.26709077
2002-09-08,4.3234715,0.42398313
2002-09-09,5.3722863,0.6840503
2002-09-10,3.2199545,0.44289404
2002-09-11,5.306353,0.51820695
2002-09-12,5.6374364,0.54527974
2002-09-13,4.2122035,0.518133
2002-09-14,6.1972356,0.9440913
2002-09-15,6.2454653,0.6333249
2002-09-16,4.4535017,0.5742177
2002-09-17,2.6892776,0.3923959
2002-09-18,1.6502086,0.31826058
2002-09-19,2.199857,0.3640705
2002-09-20,2.2153997,0.33430955
2002-09-21,4.480335,0.7093204
2002-09-22,1.4926479,0.3175394
2002-09-23,2.5425978,0.3664083
2002-09-24,3.5106008,0.46605885
2002-09-25,2.4020472,0.45805988
2002-09-26,4.988577,0.659112
2002-09-27,7.486911,0.681287
2002-09-28,2.4112535,0.44588026
2002-09-29,1.1096714,0.27490565
2002-09-30,4.298025,0.68194443
2002-10-01,5.653217,0.5731602
2002-10-02,5.6588373,0.44181514
2002-10-03,5.1296277,0.5706416
2002-10-04,6.340935,0.8145958
2002-10-05,6.5508413,0.66399205
2002-10-06,5.629133,0.70661134
2002-10-07,5.584229,0.64308125
2002-10-08,3.7238588,0.56613135
2002-10-09,1.3073004,0.35084653
2002-10-10,3.491277,0.52924603
2002-10-11,3.2110057,0.60543436
2002-10-12,2.4767303,0.43144184
2002-10-13,4.0920734,0.70538086
2002-10-14,4.867496,0.7369428
2002-10-15,2.8217874,0.45764858
2002-10-16,2.3562675,0.49394974
2002-10-17,1.8827124,0.4246705
2002-10-18,4.813926,1.0113982
2002-10-19,2.5155396,0.5932907
2002-10-20,2.467404,0.53596485
2002-10-21,4.7116666,0.915268
2002-10-22,2.417249,0.57154924
2002-10-23,3.040504,0.73935264
2002-10-24,5.7186623,0.8798686
2002-10-25,4.7538514,0.8051888
2002-10-26,3.5311234,0.60203874
2002-10-27,2.97679,0.77898675
2002-10-28,2.816523,0.587507
2002-10-29,6.5948625,1.0942053
2002-10-30,6.4776692,0.9455409
2002-10-31,5.310006,0.9376888
2002-11-01,3.4127388,0.84917194
2002-11-02,2.7588966,0.6851459
2002-11-03,1.5814934,0.56431484
2002-11-04,3.082385,0.81219316
2002-11-05,2.1072798,0.6766399
2002-11-06,3.4324133,0.7909815
2002-11-07,2.2851496,0.6947071
2002-11-08,3.7623997,0.7838247
2002-11-09,1.852351,0.5819141
2002-11-10,2.9543335,0.6110782
2002-11-11,1.6214329,0.553241
2002-11-12,1.4360032,0.49370196
2002-11-13,3.2090971,0.67861784
2002-11-14,2.3551004,0.58332515
2002-11-15,2.7515218,0.6696784
2002-11-16,1.2775089,0.5796396
2002-11-17,1.4196123,0.5145565
2002-11-18,1.6363487,0.5680777
2002-11-19,1.1788052,0.4683163
2002-11-20,0.7684232,0.43012083
2002-11-21,0.751319,0.4359021
2002-11-22,1.5206486,0.43756807
2002-11-23,1.699651,0.48167437
2002-11-24,1.3652849,0.49442402
2002-11-25,0.8155513,0.41480538
2002-11-26,0.53674275,0.3960504
2002-11-27,0.6721367,0.37232533
2002-11-28,0.52897406,0.35858268
2002-11-29,0.8549887,0.37633985
2002-11-30,0.49402016,0.34894785
2002-12-01,0.0773371,0.32271543
2002-12-02,0.21977921,0.3179214
2002-12-03,0.40811446,0.32572952
2002-12-04,0.42067268,0.30229923
2002-12-05,2.4057848,0.41600695
2002-12-06,0.33889356,0.29397604
2002-12-07,0.49383408,0.29165298
2002-12-08,0.39800406,0.27969402
2002-12-09,0.56856173,0.26970422
2002-12-10,1.1120608,0.32734552
2002-12-11,0.81124574,0.27832735
2002-12-12,0.65690213,0.29265976
2002-12-13,1.3355314,0.31868058
2002-12-14,1.6035739,0.34017447
2002-12-15,2.0188637,0.36603522
2002-12-16,0.8787838,0.30861393
2002-12-17,0.38016385,0.25766012
2002-12-18,0.9279984,0.28164813
2002-12-19,0.7926339,0.27025607
2002-12-20,0.36710933,0.2350132
2002-12-21,0.8511002,0.2685513
2002-12-22,0.2311305,0.21454753
2002-12-23,0.20297217,0.2020953
2002-12-24,0.12241518,0.19035487
2002-12-25,0.064697474,0.18708162
2002-12-26,0.0008641932,0.18098734
2002-12-27,0.037670135,0.17933919
2002-12-28,0.15158841,0.1781135
2002-12-29,0.07573499,0.17046206
2002-12-30,0.04454214,0.16658564
2002-12-31,0.093084835,0.16470963
2003-01-01,0.21297081,0.17244701
2003-01-02,0.04902949,0.15814675
2003-01-03,0.034863226,0.15348165
2003-01-04,0.009043291,0.14693907
2003-01-05,0.08520171,0.14919105
2003-01-06,0.02167271,0.14140478
2003-01-07,0.012328697,0.13778588
2003-01-08,0.023255365,0.13728781
2003-01-09,0.0037710248,0.131051
2003-01-10,0.0011407066,0.12776102
2003-01-11,0.001023218,0.124945216
2003-01-12,0.0019673982,0.12232653
2003-01-13,0.013867203,0.11983791
2003-01-14,0.003590401,0.11724925
2003-01-15,0.0007011334,0.1146858
2003-01-16,1.7563938e-05,0.112243414
2003-01-17,0.0085237315,0.10995499
2003-01-18,0.031831313,0.108784616
2003-01-19,0.34276453,0.12691565
2003-01-20,1.0714332,0.15658726
2003-01-21,0.5583409,0.119994745
2003-01-22,0.14318524,0.104040936
2003-01-23,0.10133252,0.10160761
2003-01-24,0.10169045,0.10331357
2003-01-25,0.10361631,0.10533057
2003-01-26,0.45818162,0.10555131
2003-01-27,0.40701553,0.1118827
2003-01-28,0.4024299,0.097331986
2003-01-29,0.3936553,0.09611355
2003-01-30,0.2559215,0.08903041
2003-01-31,0.06482256,0.085571565
2003-02-01,0.00030238455,0.08293335
2003-02-02,0.0039957957,0.08162116
2003-02-03,0.01411737,0.08174434
2003-02-04,0.011208877,0.07919698
2003-02-05,0.032367013,0.07748557
2003-02-06,0.0034408702,0.075895675
2003-02-07,0.008285669,0.07517537
2003-02-08,0.019646687,0.07642235
2003-02-09,0.02375119,0.074114
2003-02-10,0.018728143,0.07390276
2003-02-11,0.0033399963,0.06959722
2003-02-12,0.004773831,0.06831351
2003-02-13,0.025300615,0.06717802
2003-02-14,0.033189196,0.066191
2003-02-15,0.04957255,0.0651574
2003-02-16,0.0042338585,0.063795604
2003-02-17,0.0027295307,0.062794276
2003-02-18,0.08563558,0.065926
2003-02-19,0.05996281,0.062971696
2003-02-20,0.9620818,0.0726702
2003-02-21,2.6040916,0.1475811
2003-02-22,1.4930605,0.097008
2003-02-23,0.355172,0.07997169
2003-02-24,0.28577283,0.068402156
2003-02-25,0.7577633,0.08234306
2003-02-26,1.6116767,0.13615635
2003-02-27,1.951176,0.13968836
2003-02-28,1.877508,0.14737022
2003-03-01,0.37988898,0.08606021
2003-03-02,0.55768114,0.0813361
2003-03-03,0.46839866,0.08332284
2003-03-04,0.5039744,0.075410284
2003-03-05,0.17064837,0.05125762
2003-03-06,0.3965968,0.065361224
2003-03-07,0.44282317,0.05491074
2003-03-08,0.997077,0.079651624
2003-03-09,0.596792,0.069429055
2003-03-10,1.004393,0.11320444
2003-03-11,1.0413592,0.10391893
2003-03-12,0.4514663,0.06035111
2003-03-13,1.4634272,0.1399599
2003-03-14,0.6990442,0.07382562
2003-03-15,1.1455865,0.11690194
2003-03-16,1.7762744,0.19016013
2003-03-17,0.65563476,0.08431283
2003-03-18,0.64511204,0.08759741
2003-03-19,1.8340665,0.2230747
2003-03-20,1.3611926,0.14922096
2003-03-21,1.6793741,0.18398829
2003-03-22,0.4739009,0.08512148
2003-03-23,0.7672664,0.07823701
2003-03-24,1.0318639,0.092487246
2003-03-25,0.5142913,0.06869873
2003-03-26,3.6506517,0.29807743
2003-03-27,5.137667,0.5502143
2003-03-28,0.8569609,0.111309074
2003-03-29,1.3198651,0.11082785
2003-03-30,1.5779773,0.14410535
2003-03-31,0.6419365,0.06872816
2003-04-01,0.21106085,0.051196977
2003-04-02,1.2681581,0.09212499
2003-04-03,0.70743763,0.057030458
2003-04-04,1.02805,0.06959425
2003-04-05,0.9936318,0.068198636
2003-04-06,1.1006718,0.05733225
2003-04-07,0.9924,0.04701261
2003-04-08,2.0964174,0.10144633
2003-04-09,1.1037025,0.06407781
2003-04-10,1.5342996,0.06477817
2003-04-11,1.9981636,0.072710015
2003-04-12,3.189947,0.17401423
2003-04-13,3.6817448,0.25918332
2003-04-14,1.3472066,0.11755187
2003-04-15,5.0594,0.43002287
2003-04-16,1.0586448,0.09071246
2003-04-17,1.6441196,0.18973407
2003-04-18,3.3017955,0.24890082
2003-04-19,2.3888662,0.19943292
2003-04-20,3.0472636,0.22983426
2003-04-21,6.593548,0.47280094
2003-04-22,7.1611347,0.71122515
2003-04-23,1.3557065,0.182061
2003-04-24,0.51372594,0.09990628
2003-04-25,0.90818423,0.12748782
2003-04-26,3.7421768,0.26632458
2003-04-27,5.6373734,0.41898438
2003-04-28,3.6202931,0.28097567
2003-04-29,0.42073414,0.086100675
2003-04-30,0.89078546,0.102111034
2003-05-01,2.2065654,0.29234082
2003-05-02,1.9409313,0.29730597
2003-05-03,3.1502726,0.42728716
2003-05-04,2.4048269,0.250368
2003-05-05,1.30804,0.15310246
2003-05-06,2.5338778,0.22434226
2003-05-07,2.656571,0.25348726
2003-05-08,3.6385276,0.32663688
2003-05-09,1.6106188,0.18329701
2003-05-10,1.8254976,0.19167525
2003-05-11,2.844293,0.23849061
2003-05-12,3.2992575,0.29504687
2003-05-13,6.9905267,0.7006448
2003-05-14,4.0821857,0.3984885
2003-05-15,2.992914,0.34753513
2003-05-16,1.0262573,0.16226478
2003-05-17,1.018008,0.15914209
2003-05-18,1.0204539,0.16181144
2003-05-19,0.6638817,0.109260626
2003-05-20,1.5969464,0.1199567
2003-05-21,2.2755322,0.15772155
2003-05-22,4.0907016,0.27232412
2003-05-23,3.3282664,0.23797925
2003-05-24,5.434996,0.33219185
2003-05-25,2.074599,0.16280547
2003-05-26,3.924897,0.19259971
2003-05-27,1.9976873,0.14702179
2003-05-28,3.5634203,0.21227448
2003-05-29,2.2785583,0.13171369
2003-05-30,5.377331,0.34063274
2003-05-31,7.893146,0.51551855
2003-06-01,3.7312205,0.40177393
2003-06-02,3.8513064,0.31299293
2003-06-03,4.390828,0.3422725
2003-06-04,6.5527377,0.51933885
2003-06-05,5.200921,0.40935782
2003-06-06,1.8426964,0.15953586
2003-06-07,2.008694,0.17987834
2003-06-08,3.878822,0.2749074
2003-06-09,10.085657,0.6566876
2003-06-10,5.352981,0.42452535
2003-06-11,2.3117461,0.2458873
2003-06-12,4.541148,0.4104794
2003-06-13,4.2421618,0.34042317
2003-06-14,2.4761393,0.3167504
2003-06-15,3.2169292,0.3094715
2003-06-16,3.9510276,0.30509877
2003-06-17,3.3949666,0.26187545
2003-06-18,3.0871673,0.33826637
2003-06-19,3.660097,0.42756104
2003-06-20,6.690385,0.5974299
2003-06-21,4.579711,0.36058384
2003-06-22,3.1607807,0.32620564
2003-06-23,4.224187,0.32571432
2003-06-24,6.66713,0.5681856
2003-06-25,6.090512,0.5215006
2003-06-26,1.5991162,0.22660612
2003-06-27,3.7047276,0.32966417
2003-06-28,6.369538,0.44737935
2003-06-29,9.473475,0.86405
2003-06-30,4.7656617,0.49155387
2003-07-01,3.8302584,0.3833689
2003-07-02,4.772832,0.4554094
2003-07-03,6.799639,0.67128026
2003-07-04,9.858883,0.8088809
2003-07-05,5.472459,0.5797781
2003-07-06,5.306903,0.6801287
2003-07-07,5.8348045,0.5126123
2003-07-08,6.823863,0.66006285
2003-07-09,3.3439195,0.47270322
2003-07-10,4.3736153,0.5210998
2003-07-11,7.051035,0.74666303
2003-07-12,3.054375,0.4088055
2003-07-13,3.63792,0.5369049
2003-07-14,5.6000896,0.6180904
2003-07-15,3.1397002,0.44704172
2003-07-16,3.6139064,0.44833374
2003-07-17,4.639191,0.57931906
2003-07-18,7.2353215,0.9088572
2003-07-19,7.188576,0.8116849
2003-07-20,3.935679,0.45642525
2003-07-21,7.0159245,0.8206567
2003-07-22,6.1789427,0.7385542
2003-07-23,2.8001003,0.494358
2003-07-24,6.5278645,0.72246647
2003-07-25,3.87771,0.45098886
2003-07-26,2.8995225,0.35220477
2003-07-27,4.3336387,0.48647857
2003-07-28,3.6320736,0.4098259
2003-07-29,4.621861,0.45895445
2003-07-30,6.896104,0.50331753
2003-07-31,8.563104,0.91394967
2003-08-01,8.242994,1.010049
2003-08-02,5.0534377,0.58357364
2003-08-03,9.887731,1.1342309
2003-08-04,4.7242713,0.7238832
2003-08-05,4.162553,0.56466776
2003-08-06,3.7580397,0.44792134
2003-08-07,5.6050634,0.6781944
2003-08-08,3.1745868,0.3395726
2003-08-09,7.538153,0.77279985
2003-08-10,10.220822,1.1687646
2003-08-11,4.4529243,0.4532159
2003-08-12,0.9637584,0.27067178
2003-08-13,2.940319,0.49117917
2003-08-14,9.608772,0.9387893
2003-08-15,11.168925,1.0548183
2003-08-16,5.376009,0.65011585
2003-08-17,4.2269926,0.5368876
2003-08-18,7.637683,1.0704424
2003-08-19,6.0170794,0.77662367
2003-08-20,4.464716,0.6844976
2003-08-21,4.9358325,0.71309
2003-08-22,8.12703,0.92334795
2003-08-23,6.73077,0.9716567
2003-08-24,7.393906,1.0094142
2003-08-25,8.216427,1.0542694
2003-08-26,2.87814,0.439423
2003-08-27,6.5902014,0.7738161
2003-08-28,9.572492,1.3540545
2003-08-29,4.444041,0.6971242
2003-08-30,3.2673335,0.54280955
2003-08-31,5.2195067,0.69711673
2003-09-01,7.36052,1.0749748
2003-09-02,7.8241434,1.4728122
2003-09-03,2.6995475,0.8171456
2003-09-04,6.5102453,0.9737811
2003-09-05,3.615317,0.6108871
2003-09-06,5.1873913,0.76534784
2003-09-07,6.9064846,0.9279843
2003-09-08,9.389203,1.54195
2003-09-09,7.375774,1.2508813
2003-09-10,5.8067,1.0726069
2003-09-11,2.57609,0.62048817
2003-09-12,1.4996892,0.50903124
2003-09-13,2.7396781,0.5753773
2003-09-14,6.731035,1.1144065
2003-09-15,8.110214,1.0694734
2003-09-16,3.5333054,0.5541436
2003-09-17,3.4673119,0.6113801
2003-09-18,2.7178595,0.5895223
2003-09-19,3.5846105,0.7211975
2003-09-20,2.5909894,0.58955336
2003-09-21,2.4053693,0.57155615
2003-09-22,3.3185065,0.56514865
2003-09-23,6.0986333,0.89777356
2003-09-24,1.6417426,0.4636845
2003-09-25,1.6752182,0.4607996
2003-09-26,4.635221,0.6959821
2003-09-27,6.568545,0.948649
2003-09-28,2.5620143,0.5052052
2003-09-29,1.6346464,0.41937366
2003-09-30,3.2578144,0.5114195
2003-10-01,4.069844,0.73448116
2003-10-02,4.9743423,0.76939493
2003-10-03,3.3854942,0.63632745
2003-10-04,2.4176214,0.4572725
2003-10-05,2.3486707,0.4753739
2003-10-06,4.0944057,0.6365908
2003-10-07,4.1272993,0.54168713
2003-10-08,3.8098838,0.5992456
2003-10-09,3.8516753,0.48288
2003-10-10,4.8132687,0.6925444
2003-10-11,6.3728185,0.67610514
2003-10-12,5.1182575,0.6095409
2003-10-13,2.0041544,0.46535864
2003-10-14,4.360947,0.6763538
2003-10-15,2.7433565,0.52380097
2003-10-16,1.9778072,0.40084538
2003-10-17,6.293331,0.8331066
2003-10-18,1.5053505,0.3479778
2003-10-19,2.181841,0.40340668
2003-10-20,3.6851225,0.4620901
2003-10-21,3.6962748,0.5091314
2003-10-22,1.4462622,0.32540566
2003-10-23,2.9440274,0.381126
2003-10-24,3.890885,0.6201323
2003-10-25,1.8334866,0.43084592
2003-10-26,0.3708585,0.27596185
2003-10-27,0.8730138,0.30956042
2003-10-28,1.3330015,0.35096484
2003-10-29,3.939167,0.7363587
2003-10-30,3.9311872,0.747656
2003-10-31,1.9182793,0.34692279
2003-11-01,2.3976078,0.4932765
2003-11-02,2.4904194,0.45739502
2003-11-03,2.4912922,0.48601422
2003-11-04,2.7410169,0.6444733
2003-11-05,0.9508788,0.3301392
2003-11-06,3.7640374,0.63290864
2003-11-07,3.1278837,0.5381322
2003-11-08,3.2183945,0.5817827
2003-11-09,3.4311125,0.60841316
2003-11-10,5.554922,0.82275665
2003-11-11,2.9171865,0.66303587
2003-11-12,1.0590491,0.3855678
2003-11-13,0.9283338,0.37372196
2003-11-14,0.5903052,0.35127068
2003-11-15,1.5486302,0.43191022
2003-11-16,0.9436738,0.39571378
2003-11-17,0.79752,0.34588876
2003-11-18,0.70791614,0.34996557
2003-11-19,0.31713825,0.31707197
2003-11-20,1.550743,0.37508073
2003-11-21,1.4920911,0.3710679
2003-11-22,2.3405807,0.4506389
2003-11-23,1.4008514,0.39852095
2003-11-24,1.5723734,0.3910188
2003-11-25,0.9451442,0.33565444
2003-11-26,0.855269,0.32332134
2003-11-27,0.8668368,0.32287773
2003-11-28,1.7465887,0.3456493
2003-11-29,2.0294652,0.40968168
2003-11-30,1.3049607,0.3408988
2003-12-01,2.1695614,0.52037716
2003-12-02,0.42500147,0.3116621
2003-12-03,0.31598994,0.29271606
2003-12-04,0.6983668,0.336866
2003-12-05,0.62656736,0.32334688
2003-12-06,0.7738497,0.31154835
2003-12-07,0.40230244,0.30067182
2003-12-08,0.74374396,0.28794652
2003-12-09,2.2495384,0.44559965
2003-12-10,0.8331807,0.31623963
2003-12-11,0.061821498,0.22945806
2003-12-12,0.48212436,0.23085658
2003-12-13,0.6179902,0.2275173
2003-12-14,0.16584012,0.21223882
2003-12-15,0.36376268,0.21150601
2003-12-16,0.07976995,0.20031351
2003-12-17,0.30841917,0.1981939
2003-12-18,0.2248642,0.19228958
2003-12-19,0.015345422,0.18431655
2003-12-20,0.053143725,0.18312244
2003-12-21,0.14057203,0.18515487
2003-12-22,0.064923905,0.17724957
2003-12-23,0.040962186,0.16697341
2003-12-24,0.06785827,0.16526383
2003-12-25,0.055023305,0.16172653
2003-12-26,0.047017712,0.15901797
2003-12-27,0.0014184066,0.14957401
2003-12-28,0.002338377,0.14582175
2003-12-29,0.00055326405,0.14216287
2003-12-30,0.0003106918,0.138586
2003-12-31,0.0037199943,0.13534592
2004-01-01,0.0847562,0.13274907
2004-01-02,0.06376089,0.13090853
2004-01-03,0.508227,0.13392958
2004-01-04,0.05438863,0.12562902
2004-01-05,0.010099264,0.12009544
2004-01-06,0.021837434,0.117607534
2004-01-07,0.12489811,0.1186076
2004-01-08,0.07906739,0.117988296
2004-01-09,0.26047555,0.11466438
2004-01-10,0.039443858,0.10884799
2004-01-11,0.023644382,0.10696135
2004-01-12,0.11849724,0.108220555
2004-01-13,0.17827255,0.11060617
2004-01-14,0.5505364,0.115569755
2004-01-15,0.54609084,0.11441089
2004-01-16,0.41016376,0.10850644
2004-01-17,0.054709055,0.09531261
2004-01-18,0.77092844,0.12479895
2004-01-19,0.3371234,0.113293804
2004-01-20,0.3430154,0.11232328
2004-01-21,0.5134851,0.10441227
2004-01-22,0.8919663,0.11497923
2004-01-23,0.90634495,0.117744006
2004-01-24,1.8375711,0.13726158
2004-01-25,0.13280211,0.085283004
2004-01-26,0.034201257,0.0797544
2004-01-27,0.04364211,0.08004444
2004-01-28,0.14197595,0.09141709
2004-01-29,0.25476328,0.105681375
2004-01-30,0.08048437,0.08529333
2004-01-31,0.025750393,0.07569938
2004-02-01,0.060102608,0.0781527
2004-02-02,0.063522354,0.0818032
2004-02-03,0.041167967,0.073935635
2004-02-04,0.011731761,0.06846601
2004-02-05,0.00092353084,0.06657575
2004-02-06,0.0077079576,0.066151366
2004-02-07,0.067711346,0.07323473
2004-02-08,0.08255929,0.0683338
2004-02-09,0.010275379,0.063132145
2004-02-10,0.0031287542,0.061797053
2004-02-11,0.006380219,0.060790684
2004-02-12,0.06501078,0.06366737
2004-02-13,0.029068079,0.058943387
2004-02-14,0.28813353,0.059659
2004-02-15,1.094119,0.0899022
2004-02-16,0.40063363,0.06658797
2004-02-17,0.8628206,0.10590876
2004-02-18,0.17848355,0.061692853
2004-02-19,0.31897607,0.064453594
2004-02-20,0.22526343,0.07381637
2004-02-21,0.09945722,0.06016408
2004-02-22,0.18294074,0.07580892
2004-02-23,0.09267066,0.058618452
2004-02-24,0.26292336,0.06725908
2004-02-25,0.15406848,0.064457625
2004-02-26,0.8885639,0.07423113
2004-02-27,0.5005672,0.062134802
2004-02-28,0.7166473,0.056826398
2004-02-29,1.5897559,0.121060684
2004-03-01,0.25776526,0.053005885
2004-03-02,0.4749075,0.06197839
2004-03-03,0.5371517,0.05562499
2004-03-04,0.095528595,0.0460978
2004-03-05,1.6197999,0.06896955
2004-03-06,0.45681617,0.04574468
2004-03-07,0.4233113,0.049226496
2004-03-08,0.09539734,0.043407373
2004-03-09,0.01501242,0.041093323
2004-03-10,0.024724564,0.042826574
2004-03-11,0.13543291,0.04737516
2004-03-12,0.1385111,0.054291554
2004-03-13,0.06188511,0.04564725
2004-03-14,0.11620942,0.044980828
2004-03-15,0.24749012,0.053983
2004-03-16,0.3589249,0.058709063
2004-03-17,0.40941584,0.071187586
2004-03-18,0.32959798,0.06689213
2004-03-19,0.34053555,0.06345186
2004-03-20,0.16145696,0.04923557
2004-03-21,0.07171,0.039826285
2004-03-22,0.03691109,0.0368775
2004-03-23,0.5709896,0.047073726
2004-03-24,0.27510253,0.052505787
2004-03-25,0.41079202,0.045105852
2004-03-26,0.41408002,0.044024482
2004-03-27,0.54053515,0.05051507
2004-03-28,0.3777927,0.047094017
2004-03-29,0.16652298,0.04312706
2004-03-30,0.21893874,0.037852302
2004-03-31,0.79368514,0.047329232
2004-04-01,0.3421474,0.044137105
2004-04-02,0.7303925,0.052112438
2004-04-03,4.6533723,0.16302419
2004-04-04,7.000254,0.2650994
2004-04-05,3.4309447,0.15519062
2004-04-06,3.3286927,0.13351715
2004-04-07,1.5282624,0.1405108
2004-04-08,3.3968358,0.18425506
2004-04-09,5.1893015,0.35450765
2004-04-10,5.1465607,0.42536804
2004-04-11,1.164734,0.078708395
2004-04-12,1.387993,0.11661089
2004-04-13,1.8010894,0.117172465
2004-04-14,3.0508864,0.20377868
2004-04-15,0.9712202,0.067320675
2004-04-16,2.316904,0.15227649
2004-04-17,5.1249123,0.46755654
2004-04-18,1.4501864,0.16600128
2004-04-19,2.59935,0.20112707
2004-04-20,2.4356105,0.21836346
2004-04-21,0.7081058,0.100081325
2004-04-22,4.74111,0.32658675
2004-04-23,5.2765665,0.29675847
2004-04-24,2.3058941,0.14320295
2004-04-25,2.3255372,0.24197315
2004-04-26,1.8822246,0.22962242
2004-04-27,1.2404122,0.136965
2004-04-28,5.150058,0.50337845
2004-04-29,3.5369875,0.2424285
2004-04-30,8.753482,0.56205773
2004-05-01,5.3133492,0.52228963
2004-05-02,2.8058844,0.31390274
2004-05-03,2.3390563,0.28078255
2004-05-04,0.48971486,0.1801368
2004-05-05,0.40985188,0.13549972
2004-05-06,0.59134454,0.16101988
2004-05-07,4.2422986,0.3182291
2004-05-08,2.5412478,0.23086621
2004-05-09,1.4068547,0.19254382
2004-05-10,2.0168076,0.28841302
2004-05-11,1.5578322,0.23514684
2004-05-12,1.6778501,0.17311373
2004-05-13,4.7821636,0.3881809
2004-05-14,4.1445856,0.40809098
2004-05-15,1.1129667,0.17336164
2004-05-16,1.7393242,0.15592456
2004-05-17,1.5489053,0.1526947
2004-05-18,0.9070656,0.10205929
2004-05-19,0.8772114,0.09117511
2004-05-20,1.268439,0.1186076
2004-05-21,5.6221366,0.3341273
2004-05-22,4.399579,0.38473257
2004-05-23,1.7372583,0.19849575
2004-05-24,3.432642,0.32395852
2004-05-25,2.1473637,0.21066613
2004-05-26,2.9532344,0.19716007
2004-05-27,5.486606,0.35307905
2004-05-28,4.4081974,0.23389764
2004-05-29,5.042056,0.35815942
2004-05-30,2.8211496,0.24691442
2004-05-31,4.809816,0.3927257
2004-06-01,3.002088,0.25000745
2004-06-02,4.498671,0.5604416
2004-06-03,4.642496,0.48883656
2004-06-04,3.2215517,0.3272431
2004-06-05,6.118613,0.75059414
2004-06-06,1.1230296,0.19256946
2004-06-07,2.2438984,0.26491597
2004-06-08,2.2053907,0.20929584
2004-06-09,3.2129908,0.23888533
2004-06-10,4.578702,0.28088856
2004-06-11,1.4821924,0.18260461
2004-06-12,2.168249,0.38094953
2004-06-13,4.3787303,0.33890626
2004-06-14,6.251007,0.4978535
2004-06-15,5.4608645,0.37833613
2004-06-16,1.3695378,0.20014355
2004-06-17,2.2648678,0.29160443
2004-06-18,3.520104,0.36079982
2004-06-19,2.6912937,0.22510321
2004-06-20,4.92634,0.3138049
2004-06-21,4.506185,0.3270646
2004-06-22,6.181421,0.57644975
2004-06-23,6.4938383,0.4468712
2004-06-24,5.8392854,0.48984018
2004-06-25,7.0643497,0.50497544
2004-06-26,3.4236386,0.49607137
2004-06-27,2.0866346,0.29343808
2004-06-28,2.8786886,0.3082033
2004-06-29,3.2478032,0.3328873
2004-06-30,3.9551625,0.38898185
2004-07-01,4.51814,0.46017018
2004-07-02,2.9967487,0.38154426
2004-07-03,1.9748336,0.27302927
2004-07-04,1.3444864,0.22543348
2004-07-05,3.119528,0.28555033
2004-07-06,7.0991325,0.41891143
2004-07-07,3.582968,0.29732472
2004-07-08,3.8972673,0.396016
2004-07-09,2.905544,0.23916885
2004-07-10,3.2399898,0.3159858
2004-07-11,3.63593,0.3157431
2004-07-12,1.965981,0.21040125
2004-07-13,4.811211,0.31574252
2004-07-14,3.8388348,0.3675871
2004-07-15,5.6661606,0.41853747
2004-07-16,2.552827,0.25497103
2004-07-17,6.9618025,0.48071074
2004-07-18,7.177974,0.52583116
2004-07-19,3.7734096,0.39708227
2004-07-20,2.517822,0.32921
2004-07-21,2.8660674,0.4237808
2004-07-22,6.0351343,0.51540303
2004-07-23,6.256106,0.6396469
2004-07-24,3.2942843,0.35250404
2004-07-25,2.2751217,0.30441833
2004-07-26,4.4527535,0.38545847
2004-07-27,7.31765,0.65206856
2004-07-28,5.081765,0.46985123
2004-07-29,3.7273767,0.4467943
2004-07-30,4.2543707,0.35592085
2004-07-31,3.4634879,0.3199394
2004-08-01,5.7367177,0.6333615
2004-08-02,3.0951178,0.29307708
2004-08-03,3.8362489,0.3339982
2004-08-04,6.613175,0.5043203
2004-08-05,6.4557047,0.46261537
2004-08-06,5.2497096,0.58314466
2004-08-07,8.857226,1.1460285
2004-08-08,7.337303,0.5986342
2004-08-09,3.5216992,0.66454375
2004-08-10,4.454294,0.5701053
2004-08-11,8.316532,0.9999111
2004-08-12,7.88105,0.8758095
2004-08-13,2.7062619,0.43792176
2004-08-14,3.8297806,0.5501422
2004-08-15,4.697321,0.5626362
2004-08-16,5.0120873,0.54276824
2004-08-17,5.867217,0.74452853
2004-08-18,7.7135735,0.8278732
2004-08-19,5.6620564,0.74743825
2004-08-20,6.3153386,0.8287665
2004-08-21,3.5390806,0.502662
2004-08-22,2.5432997,0.43473274
2004-08-23,7.2841115,0.947422
2004-08-24,3.04725,0.50755465
2004-08-25,5.931838,0.80209905
2004-08-26,4.3852005,0.6658318
2004-08-27,4.770851,0.5926991
2004-08-28,2.3923204,0.36317724
2004-08-29,1.8535341,0.3603879
2004-08-30,4.125614,0.42791936
2004-08-31,7.241304,0.7229021
2004-09-01,3.0641375,0.46859005
2004-09-02,4.1957254,0.5276445
2004-09-03,7.0288043,0.78957313
2004-09-04,2.5233307,0.4747479
2004-09-05,4.666211,0.76831067
2004-09-06,6.1619334,0.6925151
2004-09-07,6.698686,0.7470192
2004-09-08,5.618261,0.66584814
2004-09-09,1.3051472,0.54718095
2004-09-10,2.4063685,0.4607588
2004-09-11,6.2552867,0.6719842
2004-09-12,2.831837,0.51310146
2004-09-13,4.2002797,0.61424977
2004-09-14,6.140537,0.77397937
2004-09-15,1.828844,0.41573197
2004-09-16,1.7532635,0.5824232
2004-09-17,2.4098449,0.39780146
2004-09-18,5.2921686,0.74241704
2004-09-19,2.3894749,0.44570732
2004-09-20,2.801333,0.38932395
2004-09-21,3.7698903,0.5067855
2004-09-22,3.9736776,0.5872307
2004-09-23,6.991344,0.8286434
2004-09-24,3.2181103,0.52704006
2004-09-25,3.0007513,0.610797
2004-09-26,5.1531234,0.7434235
2004-09-27,5.1768727,0.7292756
2004-09-28,5.6668873,0.66544604
2004-09-29,6.6266713,0.8237653
2004-09-30,6.191674,0.9001304
2004-10-01,6.8063326,1.1452258
2004-10-02,4.356914,0.7070594
2004-10-03,2.1270256,0.46221212
2004-10-04,3.4846883,0.5916609
2004-10-05,4.647854,0.64758116
2004-10-06,1.9546051,0.44811502
2004-10-07,0.4935879,0.39159024
2004-10-08,1.1719879,0.3927421
2004-10-09,3.1766062,0.5289606
2004-10-10,3.1864395,0.5184631
2004-10-11,3.7042804,0.5655391
2004-10-12,3.9358287,0.6155835
2004-10-13,2.0481844,0.45689616
2004-10-14,2.4992585,0.6989706
2004-10-15,3.5347488,0.65282166
2004-10-16,4.884713,0.7468604
2004-10-17,4.595066,0.7649422
2004-10-18,1.1534458,0.3444466
2004-10-19,1.3976262,0.4031377
2004-10-20,2.893668,0.5131334
2004-10-21,5.5324864,0.7489219
2004-10-22,2.998869,0.4762635
2004-10-23,1.5479003,0.3414681
2004-10-24,1.4787084,0.3809342
2004-10-25,4.673069,0.6918233
2004-10-26,4.418861,0.7388143
2004-10-27,5.939982,0.65999985
2004-10-28,1.2639652,0.39635053
2004-10-29,3.2910771,0.69888926
2004-10-30,6.071867,0.8570176
2004-10-31,1.507945,0.46533918
2004-11-01,4.9391813,0.7128074
2004-11-02,6.895823,0.8210286
2004-11-03,3.2634687,0.61210126
2004-11-04,0.97000426,0.45201632
2004-11-05,2.0647202,0.52031994
2004-11-06,2.045715,0.5057343
2004-11-07,1.1351919,0.41520303
2004-11-08,1.1336149,0.3822702
2004-11-09,1.2764646,0.4216363
2004-11-10,1.5479306,0.45149738
2004-11-11,1.9291949,0.49975008
2004-11-12,0.53483635,0.31700456
2004-11-13,0.56484413,0.30264407
2004-11-14,1.955851,0.45178232
2004-11-15,0.9402301,0.32999137
2004-11-16,1.0776916,0.3302908
2004-11-17,1.2577628,0.35684755
2004-11-18,2.0967157,0.3899169
2004-11-19,4.6680083,0.85326684
2004-11-20,3.903973,0.5311021
2004-11-21,1.2876447,0.36133283
2004-11-22,1.1302643,0.33476058
2004-11-23,2.2354074,0.42127377
2004-11-24,2.0810785,0.40196326
2004-11-25,1.252035,0.35928065
2004-11-26,1.9432604,0.394381
2004-11-27,0.52024525,0.28044462
2004-11-28,0.052529465,0.2387415
2004-11-29,0.065241724,0.2375742
2004-11-30,0.23067455,0.25800556
2004-12-01,0.2722306,0.22894533
2004-12-02,0.2542693,0.2321142
2004-12-03,0.06852831,0.21481657
2004-12-04,0.056557063,0.2130089
2004-12-05,0.019273574,0.19725844
2004-12-06,0.15608098,0.20374452
2004-12-07,0.32032752,0.20920661
2004-12-08,0.96711737,0.23273355
2004-12-09,0.5090765,0.20941636
2004-12-10,0.870674,0.20824587
2004-12-11,0.48752955,0.18814288
2004-12-12,0.6577073,0.18081397
2004-12-13,0.18966204,0.17046894
2004-12-14,0.0935422,0.1589585
2004-12-15,0.17962995,0.16088068
2004-12-16,0.21572074,0.15726572
2004-12-17,0.21996078,0.15981041
2004-12-18,0.18308054,0.1606285
2004-12-19,0.06841415,0.14561038
2004-12-20,0.2745545,0.15593685
2004-12-21,0.25390926,0.16518289
2004-12-22,0.27595317,0.16102546
2004-12-23,0.47201988,0.15092716
2004-12-24,1.1781623,0.19816014
2004-12-25,0.27461526,0.14251082
2004-12-26,0.07204656,0.12376855
2004-12-27,0.015308395,0.11932844
2004-12-28,0.08547917,0.13212222
2004-12-29,0.13079341,0.13330281
2004-12-30,0.099760555,0.12536319
2004-12-31,0.021976283,0.1089885
2005-01-01,0.008428317,0.106385656
2005-01-02,0.0062700883,0.104255795
2005-01-03,0.029721504,0.1025283
2005-01-04,0.0026452714,0.09993287
2005-01-05,2.7532658e-05,0.09782009
2005-01-06,7.120515e-06,0.09575004
2005-01-07,0.0021539559,0.09375784
2005-01-08,0.0027751022,0.091870666
2005-01-09,0.0074157794,0.09028113
2005-01-10,0.005442684,0.088322274
2005-01-11,0.003281608,0.086145416
2005-01-12,0.0032393595,0.08444397
2005-01-13,0.06254305,0.0873327
2005-01-14,0.14648348,0.09381177
2005-01-15,0.11231165,0.0939914
2005-01-16,0.03557979,0.081305124
2005-01-17,0.054075327,0.08364125
2005-01-18,0.012086363,0.07579706
2005-01-19,0.011486815,0.07384532
2005-01-20,0.0082139885,0.0726969
2005-01-21,0.006397783,0.07140607
2005-01-22,0.0036706256,0.06959568
2005-01-23,0.102874115,0.0690417
2005-01-24,0.012373319,0.06785513
2005-01-25,0.11717282,0.0717288
2005-01-26,0.19578806,0.075526595
2005-01-27,0.08686648,0.06638326
2005-01-28,0.10635415,0.06433937
2005-01-29,0.2143574,0.06558991
2005-01-30,0.039270353,0.06129695
2005-01-31,0.025177903,0.062010907
2005-02-01,0.061751243,0.058777004
2005-02-02,0.0733292,0.058920126
2005-02-03,0.037992455,0.05716207
2005-02-04,0.0046176543,0.054704897
2005-02-05,2.8244709e-05,0.05365059
2005-02-06,5.5302666e-05,0.052787937
2005-02-07,0.036701508,0.05224387
2005-02-08,0.49746695,0.057194114
2005-02-09,0.628385,0.06053375
2005-02-10,0.014369674,0.05058378
2005-02-11,0.007880274,0.049558427
2005-02-12,0.0044994536,0.04800574
2005-02-13,0.0025403623,0.04715282
2005-02-14,0.0027281067,0.046308804
2005-02-15,0.0145517215,0.045975503
2005-02-16,0.009320042,0.044890456
2005-02-17,0.106517926,0.048333462
2005-02-18,0.07234182,0.04521634
2005-02-19,0.034405854,0.044138648
2005-02-20,0.0013612051,0.041935205
2005-02-21,0.0008834186,0.041194554
2005-02-22,0.021467641,0.040778954
2005-02-23,0.014410735,0.040168133
2005-02-24,0.05240794,0.041223273
2005-02-25,0.257709,0.04257469
2005-02-26,1.4791992,0.12057756
2005-02-27,0.42221093,0.044857107
2005-02-28,1.7720325,0.07260095
2005-03-01,0.15606935,0.04097204
2005-03-02,0.19710322,0.038919903
2005-03-03,0.5467293,0.04383496
2005-03-04,0.0828085,0.036896255
2005-03-05,0.50710887,0.041668303
2005-03-06,1.3544202,0.091699064
2005-03-07,0.26533744,0.044662125
2005-03-08,0.5168794,0.048110474
2005-03-09,0.6622537,0.045773398
2005-03-10,0.6191993,0.042060643
2005-03-11,2.3361328,0.093319036
2005-03-12,3.9873574,0.20073171
2005-03-13,1.6664602,0.156709
2005-03-14,1.1817718,0.1148094
2005-03-15,1.8370614,0.16628349
2005-03-16,4.4984007,0.43743888
2005-03-17,2.859441,0.15477934
2005-03-18,1.831543,0.11101542
2005-03-19,1.4120382,0.14061433
2005-03-20,2.6178148,0.20002232
2005-03-21,1.5131135,0.15397544
2005-03-22,1.2050525,0.119633436
2005-03-23,0.8050967,0.074010275
2005-03-24,0.8331,0.067438155
2005-03-25,0.842398,0.08660789
2005-03-26,1.5413927,0.13998197
2005-03-27,2.9517398,0.3259042
2005-03-28,0.47948742,0.09283277
2005-03-29,0.20292899,0.038328428
2005-03-30,0.40356812,0.049733177
2005-03-31,0.25457695,0.03294247
2005-04-01,0.14904305,0.026972866
2005-04-02,0.2222315,0.027997034
2005-04-03,0.98598224,0.055561498
2005-04-04,0.9386574,0.061822925
2005-04-05,1.6179042,0.14129594
2005-04-06,0.8463164,0.08338408
2005-04-07,1.2310405,0.098668024
2005-04-08,1.538666,0.1361503
2005-04-09,2.1109293,0.122765265
2005-04-10,1.8340985,0.08320144
2005-04-11,2.8104112,0.22037888
2005-04-12,0.9115223,0.08441359
2005-04-13,4.128927,0.3395468
2005-04-14,2.167486,0.18066171
2005-04-15,1.669479,0.11848003
2005-04-16,3.0318384,0.2484025
2005-04-17,2.0580587,0.22216493
2005-04-18,1.7817177,0.14615759
2005-04-19,2.0914426,0.1465634
2005-04-20,1.0361135,0.090561084
2005-04-21,0.28537527,0.047980282
2005-04-22,3.780783,0.28904104
2005-04-23,3.3984323,0.2495489
2005-04-24,3.3252983,0.25084317
2005-04-25,2.8900197,0.1528012
2005-04-26,4.5703354,0.5623957
2005-04-27,5.415187,0.32676733
2005-04-28,3.7217836,0.22088715
2005-04-29,1.2830442,0.07296701
2005-04-30,3.1961946,0.14374623
2005-05-01,7.707261,0.4175514
2005-05-02,4.282901,0.29506037
2005-05-03,4.9079165,0.28886175
2005-05-04,3.823291,0.2660336
2005-05-05,7.167658,0.5378111
2005-05-06,5.904685,0.4794688
2005-05-07,1.9270664,0.3022434
2005-05-08,2.4699817,0.2575413
2005-05-09,1.3304837,0.1318558
2005-05-10,2.326451,0.2512602
2005-05-11,4.3988323,0.56260115
2005-05-12,5.039918,0.741477
2005-05-13,2.7651765,0.32290146
2005-05-14,1.5315784,0.4258711
2005-05-15,1.5924189,0.19681174
2005-05-16,2.1977913,0.23327222
2005-05-17,2.17473,0.28990123
2005-05-18,3.4626312,0.44330487
2005-05-19,1.1914966,0.18142498
2005-05-20,4.62354,0.4735051
2005-05-21,3.408999,0.3515983
2005-05-22,4.9734,0.43212208
2005-05-23,2.519692,0.24413255
2005-05-24,7.4590507,0.5494919
2005-05-25,9.675269,0.5014338
2005-05-26,6.178334,0.45299152
2005-05-27,5.498007,0.38833284
2005-05-28,9.133336,0.6989799
2005-05-29,9.667206,1.0467316
2005-05-30,0.7550513,0.19390331
2005-05-31,1.5842705,0.20966487
2005-06-01,2.9475334,0.29833582
2005-06-02,5.834081,0.5224557
2005-06-03,1.9746325,0.24983752
2005-06-04,1.9501723,0.24523921
2005-06-05,2.609756,0.25656617
2005-06-06,4.992531,0.5750789
2005-06-07,5.070316,0.58194786
2005-06-08,5.8813567,0.5088614
2005-06-09,5.334625,0.4013014
2005-06-10,3.2775521,0.35016024
2005-06-11,3.5426836,0.33755946
2005-06-12,4.7966194,0.35596156
2005-06-13,3.1235096,0.2604218
2005-06-14,1.4786397,0.20040156
2005-06-15,3.7411504,0.3036572
2005-06-16,6.123754,0.43888673
2005-06-17,4.484031,0.4936265
2005-06-18,5.170386,0.55553085
2005-06-19,3.1315029,0.39869794
2005-06-20,3.6567087,0.2776614
2005-06-21,4.2876244,0.34332824
2005-06-22,6.0713816,0.48077765
2005-06-23,4.263053,0.43886155
2005-06-24,3.9915588,0.57296395
2005-06-25,3.5979078,0.6315657
2005-06-26,1.8126367,0.3044088
2005-06-27,6.713424,0.8716918
2005-06-28,10.050048,0.8403958
2005-06-29,6.3442054,0.5352978
2005-06-30,3.6172628,0.3735789
2005-07-01,2.213809,0.33501798
2005-07-02,3.2543643,0.34584248
2005-07-03,5.7280755,0.51886827
2005-07-04,6.302103,0.5810497
2005-07-05,6.3808246,0.73332846
2005-07-06,6.241413,0.4886915
2005-07-07,3.271285,0.3286081
2005-07-08,4.295423,0.448667
2005-07-09,7.707839,0.8410687
2005-07-10,3.9605494,0.54238194
2005-07-11,2.7234633,0.3428922
2005-07-12,4.811456,0.4412291
2005-07-13,3.5178611,0.4353051
2005-07-14,0.7637336,0.26840484
2005-07-15,3.8853137,0.44465625
2005-07-16,10.235962,0.92827225
2005-07-17,7.4703913,0.73797804
2005-07-18,2.5547082,0.30079028
2005-07-19,1.3912104,0.25681823
2005-07-20,2.5107265,0.38689283
2005-07-21,7.1056356,0.5186438
2005-07-22,6.3425493,0.60124743
2005-07-23,1.8266087,0.35122356
2005-07-24,5.1596894,0.63107026
2005-07-25,5.4304404,0.42650983
2005-07-26,5.7571025,0.65620136
2005-07-27,3.2871714,0.50740236
2005-07-28,9.482221,0.99809074
2005-07-29,7.248353,0.6922726
2005-07-30,4.346123,0.5960516
2005-07-31,4.2680707,0.6244629
2005-08-01,3.7501912,0.44440594
2005-08-02,5.42378,0.85890734
2005-08-03,5.299843,0.7552238
2005-08-04,4.6658072,0.7658439
2005-08-05,4.4178743,0.5689507
2005-08-06,5.5665894,0.66555727
2005-08-07,5.4269824,0.72487986
2005-08-08,6.763504,1.1918514
2005-08-09,3.160464,0.4944063
2005-08-10,2.795652,0.40304014
2005-08-11,3.8077226,0.4257483
2005-08-12,6.656647,0.7707772
2005-08-13,8.427402,1.0440723
2005-08-14,6.457504,0.98992765
2005-08-15,5.997087,0.7874447
2005-08-16,8.189411,1.0079966
2005-08-17,5.964574,0.8492234
2005-08-18,6.8166776,0.89255667
2005-08-19,3.282856,0.5798184
2005-08-20,4.4448037,0.7709056
2005-08-21,5.933017,0.74702823
2005-08-22,4.139681,0.59214675
2005-08-23,2.977793,0.45847583
2005-08-24,7.3424616,0.7832698
2005-08-25,7.8912582,1.0916616
2005-08-26,7.668754,1.1172868
2005-08-27,5.0095243,0.6647595
2005-08-28,2.2623158,0.467097
2005-08-29,5.412515,0.7672913
2005-08-30,9.690934,1.224211
2005-08-31,4.340856,0.7078038
2005-09-01,2.3455343,0.6535196
2005-09-02,2.7405584,0.6572919
2005-09-03,5.6205096,0.65354097
2005-09-04,4.326436,0.6299763
2005-09-05,5.244043,0.7987917
2005-09-06,6.061955,0.68643236
2005-09-07,8.108051,0.87843907
2005-09-08,7.3716965,1.1432658
2005-09-09,5.7340784,0.71500623
2005-09-10,5.3710074,0.79668933
2005-09-11,4.844563,0.7206755
2005-09-12,3.6185567,0.57620084
2005-09-13,5.802658,0.8774359
2005-09-14,7.3079567,0.8342016
2005-09-15,4.721679,0.62085056
2005-09-16,6.4722376,1.2203374
2005-09-17,5.121215,0.8510664
2005-09-18,2.873261,0.5242355
2005-09-19,2.0266423,0.4197915
2005-09-20,7.844802,1.1363074
2005-09-21,6.094822,0.8752709
2005-09-22,1.3210356,0.478452
2005-09-23,1.363816,0.42705432
2005-09-24,2.1489625,0.41147652
2005-09-25,1.9810889,0.43732435
2005-09-26,3.398532,0.5172003
2005-09-27,2.7710948,0.4292414
2005-09-28,2.8308964,0.4214723
2005-09-29,2.2586784,0.4165124
2005-09-30,6.921475,0.71096945
2005-10-01,5.178231,0.637468
2005-10-02,2.3862429,0.60601366
2005-10-03,1.4345732,0.40767893
2005-10-04,2.4247293,0.44111082
2005-10-05,7.000914,0.82545334
2005-10-06,6.8473997,0.76500416
2005-10-07,3.6687353,0.5560683
2005-10-08,2.5239985,0.5008969
2005-10-09,2.4541895,0.4755118
2005-10-10,2.50024,0.45678818
2005-10-11,5.5283647,0.7657637
2005-10-12,5.84834,0.68879884
2005-10-13,3.7840884,0.6182613
2005-10-14,8.333851,1.0324918
2005-10-15,3.8747656,0.55003214
2005-10-16,6.7110567,1.0445956
2005-10-17,4.575617,0.7893109
2005-10-18,3.0638342,0.62696636
2005-10-19,2.3471222,0.45640483
2005-10-20,4.3384385,0.62318105
2005-10-21,6.1153955,0.9605569
2005-10-22,5.445249,0.8949444
2005-10-23,2.7999737,0.5868811
2005-10-24,2.3343017,0.539088
2005-10-25,2.8838444,0.6099703
2005-10-26,3.050239,0.6041043
2005-10-27,5.1972957,0.9650934
2005-10-28,4.4810867,0.75780094
2005-10-29,3.8567016,0.7570074
2005-10-30,2.9799798,0.7996407
2005-10-31,2.726946,0.7299153
2005-11-01,1.4163915,0.57503927
2005-11-02,1.1870949,0.51582104
2005-11-03,0.9689426,0.50243235
2005-11-04,3.5352242,0.85807014
2005-11-05,3.5525124,0.81609946
2005-11-06,0.9013694,0.5074927
2005-11-07,0.6365479,0.46523166
2005-11-08,0.4975541,0.44467154
2005-11-09,0.17314623,0.4162958
2005-11-10,0.13471279,0.4101272
2005-11-11,0.24340507,0.39256504
2005-11-12,1.188324,0.44795254
2005-11-13,0.37443963,0.377529
2005-11-14,0.0944204,0.34588602
2005-11-15,0.045853272,0.33721858
2005-11-16,0.12206414,0.33466446
2005-11-17,0.35897222,0.33618876
2005-11-18,0.7386039,0.3517648
2005-11-19,0.6788282,0.34437564
2005-11-20,0.5202529,0.3102635
2005-11-21,1.20842,0.34636748
2005-11-22,0.8599308,0.32798943
2005-11-23,0.19225605,0.26409775
2005-11-24,0.21746978,0.25588176
2005-11-25,0.26977092,0.25008354
2005-11-26,0.02689276,0.23588006
2005-11-27,0.03238434,0.22921537
2005-11-28,0.064779595,0.22294879
2005-11-29,0.17023419,0.21719363
2005-11-30,0.048426624,0.21024768
2005-12-01,0.10033613,0.20590357
2005-12-02,0.24046265,0.20418124
2005-12-03,0.07777644,0.19419627
2005-12-04,0.25554556,0.19119829
2005-12-05,0.21320863,0.18489058
2005-12-06,0.48213887,0.1867932
2005-12-07,0.47127676,0.18929005
2005-12-08,0.049067944,0.17069988
2005-12-09,0.036110505,0.16741897
2005-12-10,0.112344645,0.16248766
2005-12-11,0.35166302,0.16147347
2005-12-12,0.78284085,0.17119984
2005-12-13,0.21465078,0.15201184
2005-12-14,0.033788506,0.14607973
2005-12-15,0.0028147397,0.14239262
2005-12-16,0.0011115123,0.13875902
2005-12-17,0.032792345,0.13581337
2005-12-18,0.020820148,0.13323432
2005-12-19,0.0052200495,0.12993295
2005-12-20,0.0047610137,0.1264028
2005-12-21,0.003934559,0.12332293
2005-12-22,0.057446655,0.12101446
2005-12-23,0.11919695,0.11893847
2005-12-24,0.0726874,0.11595284
2005-12-25,0.116645664,0.11375675
2005-12-26,0.0888308,0.111843
2005-12-27,0.008763692,0.108363315
2005-12-28,0.001511448,0.10601379
2005-12-29,0.00030333395,0.10371612
2005-12-30,0.0023670967,0.10182218
2005-12-31,0.003645941,0.099569365
2006-01-01,0.002565759,0.09743529
2006-01-02,0.0060659666,0.0955197
2006-01-03,0.09314654,0.09434884
2006-01-04,0.25467446,0.096680336
2006-01-05,0.39278352,0.09664675
2006-01-06,0.033441976,0.08861564
2006-01-07,0.24373856,0.08921163
2006-01-08,0.20709473,0.08791095
2006-01-09,0.08387065,0.08486064
2006-01-10,0.17742352,0.09202435
2006-01-11,0.0980203,0.08421528
2006-01-12,0.48737195,0.08914487
2006-01-13,0.9137951,0.098076314
2006-01-14,0.3585519,0.08489007
2006-01-15,0.1583059,0.08015552
2006-01-16,0.34713295,0.08833723
2006-01-17,0.22114469,0.081427954
2006-01-18,0.06353825,0.07371869
2006-01-19,0.010075529,0.07041585
2006-01-20,0.0285592,0.073430195
2006-01-21,0.035591893,0.06814131
2006-01-22,0.008528953,0.06694887
2006-01-23,0.018894523,0.06595727
2006-01-24,0.004559978,0.06434631
2006-01-25,0.0042996043,0.063208215
2006-01-26,0.084572494,0.06309417
2006-01-27,0.15719533,0.06274076
2006-01-28,0.24487023,0.062284924
2006-01-29,0.076466024,0.06001158
2006-01-30,0.0472769,0.059093986
2006-01-31,0.11314095,0.06212459
2006-02-01,0.1639577,0.066169165
2006-02-02,0.12578912,0.06465689
2006-02-03,0.38477743,0.070176475
2006-02-04,0.23110606,0.058471534
2006-02-05,0.0290358,0.053691175
2006-02-06,0.08901332,0.052808587
2006-02-07,0.027002417,0.051873546
2006-02-08,0.031231765,0.050821133
2006-02-09,0.13514501,0.05104104
2006-02-10,0.22695193,0.051454265
2006-02-11,0.1398901,0.050861955
2006-02-12,0.35638747,0.055862695
2006-02-13,0.38897094,0.06395623
2006-02-14,0.3665921,0.07248423
2006-02-15,0.1058111,0.054962307
2006-02-16,0.041222088,0.052844666
2006-02-17,0.034452613,0.048540313
2006-02-18,0.11159509,0.049138974
2006-02-19,0.28629547,0.05693356
2006-02-20,0.5177224,0.07446516
2006-02-21,0.5492272,0.0611117
2006-02-22,2.048398,0.07969898
2006-02-23,0.822147,0.0731341
2006-02-24,0.27870077,0.04820387
2006-02-25,0.6003311,0.057151984
2006-02-26,0.2632922,0.04413936
2006-02-27,0.4416122,0.044012617
2006-02-28,0.35219303,0.04932363
2006-03-01,0.13045995,0.041868627
2006-03-02,0.056663398,0.04226192
2006-03-03,0.23853156,0.04394414
2006-03-04,0.060817506,0.03575709
2006-03-05,0.2961823,0.039615817
2006-03-06,0.3535877,0.037269603
2006-03-07,1.4177047,0.06587681
2006-03-08,2.0646205,0.09308816
2006-03-09,0.5317513,0.05406002
2006-03-10,3.1788363,0.14317232
2006-03-11,0.5629418,0.06086094
2006-03-12,1.024245,0.07576186
2006-03-13,1.1390134,0.070846274
2006-03-14,0.7351908,0.059720233
2006-03-15,0.85195893,0.065732025
2006-03-16,0.84797883,0.098971486
2006-03-17,2.9463093,0.19501762
2006-03-18,2.6548495,0.14132479
2006-03-19,2.260867,0.13450415
2006-03-20,1.4407412,0.11041985
2006-03-21,0.895977,0.100685745
2006-03-22,1.3302057,0.14289296
2006-03-23,1.1408098,0.13810726
2006-03-24,1.1749738,0.11099304
2006-03-25,2.2420897,0.18370217
2006-03-26,3.369638,0.36487702
2006-03-27,2.853816,0.20569566
2006-03-28,3.364528,0.14890327
2006-03-29,5.017159,0.25385538
2006-03-30,0.8599242,0.09835472
2006-03-31,0.4416991,0.060195766
2006-04-01,1.0141263,0.071851216
2006-04-02,1.3286024,0.09188087
2006-04-03,1.7189913,0.15094306
2006-04-04,1.5144567,0.17798096
2006-04-05,2.3948174,0.25431156
2006-04-06,0.9783709,0.08315041
2006-04-07,1.5064079,0.09769412
2006-04-08,1.0693549,0.0951334
2006-04-09,1.6985184,0.1629035
2006-04-10,2.2565649,0.19132991
2006-04-11,0.89310557,0.11092161
2006-04-12,1.8912808,0.19623534
2006-04-13,2.79676,0.29147473
2006-04-14,1.6193769,0.12766603
2006-04-15,1.7746536,0.15178885
2006-04-16,2.9174018,0.2252576
2006-04-17,2.6515634,0.27835682
2006-04-18,2.7837505,0.2581513
2006-04-19,2.546831,0.26984355
2006-04-20,2.1092184,0.25177038
2006-04-21,1.995706,0.24738899
2006-04-22,4.705926,0.5950256
2006-04-23,3.542257,0.2802669
2006-04-24,0.8122466,0.15845887
2006-04-25,0.7486189,0.15394683
2006-04-26,1.3730303,0.21904354
2006-04-27,1.7958133,0.24109423
2006-04-28,1.364256,0.13436471
2006-04-29,0.90317136,0.14840281
2006-04-30,1.4879413,0.1519664
2006-05-01,7.696281,0.49573243
2006-05-02,8.169283,0.51658267
2006-05-03,2.9416456,0.30609456
2006-05-04,2.596319,0.3388163
2006-05-05,1.410554,0.18017739
2006-05-06,3.1526961,0.30842096
2006-05-07,2.6598873,0.23776361
2006-05-08,3.9689877,0.36043787
2006-05-09,6.075073,0.41933036
2006-05-10,10.331383,0.653286
2006-05-11,10.204136,0.9461818
2006-05-12,6.9539847,0.7524189
2006-05-13,5.839129,0.61135614
2006-05-14,4.840923,0.45679456
2006-05-15,6.8836355,0.5146425
2006-05-16,8.910329,0.87915933
2006-05-17,6.4002604,0.58072156
2006-05-18,4.293911,0.44835818
2006-05-19,3.8366,0.37324566
2006-05-20,2.6466312,0.26379895
2006-05-21,7.0894394,0.8347559
2006-05-22,3.863448,0.60304755
2006-05-23,4.6839232,0.61308897
2006-05-24,2.2836118,0.3192051
2006-05-25,2.2890618,0.29783797
2006-05-26,3.6552074,0.33337504
2006-05-27,2.7335196,0.30943087
2006-05-28,6.1886606,0.5983186
2006-05-29,4.029918,0.45241058
2006-05-30,4.856233,0.52961266
2006-05-31,3.0143373,0.38625947
2006-06-01,2.7163017,0.40566608
2006-06-02,1.8923117,0.34426078
2006-06-03,1.6929482,0.27761725
2006-06-04,3.924557,0.4511943
2006-06-05,5.5748916,0.490324
2006-06-06,5.124747,0.54041964
2006-06-07,1.025769,0.21171333
2006-06-08,0.86633223,0.21161756
2006-06-09,1.7357336,0.2529233
2006-06-10,5.3099637,0.47893867
2006-06-11,6.1304884,0.90984267
2006-06-12,7.898878,0.65812904
2006-06-13,4.433497,0.4708266
2006-06-14,0.92402756,0.30482912
2006-06-15,2.9975233,0.3212425
2006-06-16,5.869519,0.49751562
2006-06-17,8.551284,1.2984127
2006-06-18,3.3719532,0.40240344
2006-06-19,3.6775439,0.47037315
2006-06-20,6.431703,0.79378885
2006-06-21,2.509317,0.4941288
2006-06-22,0.6828893,0.31490514
2006-06-23,1.1646986,0.27561542
2006-06-24,5.715658,0.47914907
2006-06-25,3.816612,0.34759778
2006-06-26,3.3554053,0.43201602
2006-06-27,6.9686475,0.7491868
2006-06-28,3.7865617,0.36045873
2006-06-29,3.115545,0.35151017
2006-06-30,2.0285335,0.32876796
2006-07-01,2.2506435,0.35489336
2006-07-02,2.860803,0.3768586
2006-07-03,2.432525,0.3463529
2006-07-04,3.0799963,0.34402356
2006-07-05,4.109204,0.47705707
2006-07-06,6.928193,0.62425363
2006-07-07,7.5531206,0.5620933
2006-07-08,12.679227,1.1612897
2006-07-09,6.2925277,0.6749266
2006-07-10,2.3209503,0.39339694
2006-07-11,3.8577085,0.5199236
2006-07-12,4.3359,0.42276788
2006-07-13,3.3486953,0.49958128
2006-07-14,1.8314484,0.45358843
2006-07-15,4.9437838,0.5471199
2006-07-16,3.513005,0.6141352
2006-07-17,2.906097,0.6665041
2006-07-18,7.111644,0.72828937
2006-07-19,5.8069253,0.5565593
2006-07-20,5.0254674,0.47530815
2006-07-21,5.148007,0.5622067
2006-07-22,4.926859,0.45648363
2006-07-23,9.997786,1.0281695
2006-07-24,6.4392233,0.8864484
2006-07-25,2.9770122,0.51049036
2006-07-26,1.8853152,0.39553392
2006-07-27,5.66296,0.58503336
2006-07-28,6.4867353,0.6940239
2006-07-29,5.925042,0.69989973
2006-07-30,2.8690665,0.4849427
2006-07-31,3.372153,0.39149815
2006-08-01,3.432992,0.47733334
2006-08-02,4.867365,0.5591773
2006-08-03,6.175027,0.73561114
2006-08-04,8.974644,0.8994572
2006-08-05,4.465832,0.51524264
2006-08-06,6.0339756,0.6123745
2006-08-07,8.236015,0.88121086
2006-08-08,8.291995,0.90187705
2006-08-09,6.0183682,0.79378307
2006-08-10,3.6702564,0.5522178
2006-08-11,3.3336139,0.4452579
2006-08-12,5.495851,0.6028691
2006-08-13,6.8889246,0.7829564
2006-08-14,5.8538704,0.6464253
2006-08-15,4.6766157,0.67144567
2006-08-16,4.4012876,0.48683542
2006-08-17,5.199944,0.61508495
2006-08-18,3.3582394,0.47367173
2006-08-19,4.986327,0.6238939
2006-08-20,5.7191296,0.88779986
2006-08-21,3.0885658,0.4631995
2006-08-22,4.2652497,0.589846
2006-08-23,5.0208125,0.59768075
2006-08-24,7.523029,1.2733753
2006-08-25,8.822992,1.356855
2006-08-26,4.3688045,0.5486323
2006-08-27,2.936402,0.44590387
2006-08-28,4.3615375,0.6519001
2006-08-29,7.074355,1.0977567
2006-08-30,3.16366,0.5460317
2006-08-31,1.2627318,0.45053896
2006-09-01,5.8275757,0.76828647
2006-09-02,8.379502,0.9771026
2006-09-03,3.3987257,0.5540931
2006-09-04,2.7618248,0.48615673
2006-09-05,8.931564,1.3786821
2006-09-06,7.271729,0.88901216
2006-09-07,3.1020195,0.53287715
2006-09-08,2.859946,0.46783328
2006-09-09,5.7743807,0.8618875
2006-09-10,6.655115,0.9444714
2006-09-11,3.0967677,0.46453884
2006-09-12,2.5951562,0.62551934
2006-09-13,5.1915746,0.7360529
2006-09-14,3.554477,0.5453816
2006-09-15,4.923811,0.7553109
2006-09-16,4.504949,0.67329884
2006-09-17,4.999669,0.7755192
2006-09-18,3.2791557,0.5908391
2006-09-19,2.4247608,0.542625
2006-09-20,4.9645042,0.7247937
2006-09-21,11.241968,1.5597609
2006-09-22,4.231118,0.9055533
2006-09-23,5.140803,0.95717025
2006-09-24,3.42522,0.70548534
2006-09-25,3.106011,0.8065946
2006-09-26,4.8698463,0.8897537
2006-09-27,3.4095445,0.70793754
2006-09-28,4.3843994,0.6623025
2006-09-29,2.5406241,0.6209928
2006-09-30,6.829541,0.8577039
2006-10-01,9.435599,1.4147435
2006-10-02,2.8879166,0.87609607
2006-10-03,4.3631725,0.8416469
2006-10-04,3.4077115,0.6391544
2006-10-05,2.1393573,0.50973827
2006-10-06,2.4093666,0.5724181
2006-10-07,2.652439,0.6352398
2006-10-08,3.4047792,0.6752983
2006-10-09,2.1251402,0.5367685
2006-10-10,2.3020995,0.59310925
2006-10-11,2.5467505,0.6378558
2006-10-12,1.9619435,0.73389065
2006-10-13,0.41757524,0.38889858
2006-10-14,1.0982999,0.43040255
2006-10-15,1.4502891,0.46023953
2006-10-16,1.9355174,0.45617235
2006-10-17,3.8055851,0.5524682
2006-10-18,4.27574,0.5786576
2006-10-19,5.6067753,0.81789887
2006-10-20,5.294452,0.74442095
2006-10-21,3.6796367,0.7140897
2006-10-22,9.474727,1.4087448
2006-10-23,9.776138,1.5938845
2006-10-24,5.294044,0.8801974
2006-10-25,5.0812087,0.90859103
2006-10-26,4.7126665,0.9350393
2006-10-27,8.237595,1.214234
2006-10-28,3.1228385,0.7177968
2006-10-29,1.1343764,0.55850947
2006-10-30,4.637957,0.97965705
2006-10-31,4.140683,0.98152655
2006-11-01,1.5015401,0.61787117
2006-11-02,1.4749546,0.5669042
2006-11-03,1.4423993,0.5229911
2006-11-04,1.8398312,0.57354504
2006-11-05,1.2402494,0.515956
2006-11-06,1.5723078,0.52066725
2006-11-07,3.1774368,0.7753803
2006-11-08,4.106137,0.93016523
2006-11-09,2.467836,0.66051143
2006-11-10,2.017732,0.7296948
2006-11-11,2.6947696,0.75929826
2006-11-12,3.029227,0.8125285
2006-11-13,3.2210267,1.0105928
2006-11-14,2.7541797,0.90395683
2006-11-15,2.603167,0.8544027
2006-11-16,2.0670002,0.74958426
2006-11-17,2.1327899,0.8240727
2006-11-18,1.2535039,0.67621416
2006-11-19,1.1111021,0.6576332
2006-11-20,1.7369012,0.75651026
2006-11-21,1.2082953,0.6322895
2006-11-22,1.2956458,0.6354236
2006-11-23,1.446556,0.5913334
2006-11-24,0.5960654,0.53308034
2006-11-25,0.49382645,0.48804912
2006-11-26,0.21090111,0.45608553
2006-11-27,0.20770614,0.4435574
2006-11-28,0.24596299,0.41599804
2006-11-29,0.346255,0.39997727
2006-11-30,0.11515819,0.36904633
2006-12-01,1.1990658,0.42997077
2006-12-02,0.48210895,0.38543952
2006-12-03,0.6977986,0.42210364
2006-12-04,1.1784787,0.41157183
2006-12-05,2.4263513,0.46299392
2006-12-06,1.4267478,0.4581691
2006-12-07,1.4151859,0.40811345
2006-12-08,1.0351202,0.4050228
2006-12-09,0.16590135,0.28415176
2006-12-10,0.036599446,0.26309994
2006-12-11,0.019185517,0.25402224
2006-12-12,0.15127368,0.2553977
2006-12-13,0.9858474,0.3063496
2006-12-14,0.81098276,0.29129067
2006-12-15,0.42280313,0.25711524
2006-12-16,0.18422149,0.2356671
2006-12-17,0.16977942,0.2259222
2006-12-18,0.06891875,0.21146554
2006-12-19,0.55574834,0.23805033
2006-12-20,0.33464545,0.22982638
2006-12-21,0.29554313,0.22823519
2006-12-22,0.021361308,0.1872566
2006-12-23,0.04025512,0.18608232
2006-12-24,0.0044422518,0.17567213
2006-12-25,0.008936009,0.17133762
2006-12-26,0.05824439,0.1715166
2006-12-27,0.2404662,0.18387105
2006-12-28,0.6254912,0.19808406
2006-12-29,0.24975277,0.1878863
2006-12-30,0.16730362,0.17047083
2006-12-31,0.09513364,0.16703399
2007-01-01,0.04932737,0.15215383
2007-01-02,0.11465169,0.16862425
2007-01-03,0.13732958,0.16109121
2007-01-04,0.33823705,0.16753136
2007-01-05,0.16518384,0.1454688
2007-01-06,0.068883866,0.13778469
2007-01-07,0.008646442,0.12601294
2007-01-08,0.008971137,0.123624004
2007-01-09,0.0028558013,0.12033742
2007-01-10,0.006783477,0.117899
2007-01-11,0.017375719,0.11734324
2007-01-12,0.023513602,0.11415978
2007-01-13,0.04507642,0.115019456
2007-01-14,0.13071202,0.12530196
2007-01-15,0.22539966,0.1277494
2007-01-16,0.40668988,0.12911512
2007-01-17,0.1273739,0.11246545
2007-01-18,0.33776212,0.12689185
2007-01-19,0.29799923,0.12547569
2007-01-20,0.23017778,0.12813771
2007-01-21,0.03644517,0.09770878
2007-01-22,0.0145984795,0.094225064
2007-01-23,0.051725086,0.09987092
2007-01-24,0.1270739,0.11282254
2007-01-25,0.12608153,0.09734444
2007-01-26,0.11582966,0.092105165
2007-01-27,0.0880454,0.09094892
2007-01-28,0.034117233,0.08708343
2007-01-29,0.023706805,0.08382567
2007-01-30,0.015149371,0.0809167
2007-01-31,0.13938645,0.08608447
2007-02-01,0.36105758,0.09917394
2007-02-02,0.18646303,0.090560846
2007-02-03,0.5830947,0.10773327
2007-02-04,0.49316946,0.10428552
2007-02-05,0.70681983,0.10925765
2007-02-06,0.94283974,0.11077101
2007-02-07,0.19590199,0.093703955
2007-02-08,0.18996015,0.091683514
2007-02-09,0.31264427,0.11125721
2007-02-10,0.007909231,0.06909107
2007-02-11,0.08507282,0.07439799
2007-02-12,0.058830883,0.07420076
2007-02-13,0.12790534,0.07786176
2007-02-14,0.06374831,0.07305434
2007-02-15,0.09425568,0.0712868
2007-02-16,0.18344441,0.08527043
2007-02-17,0.08795782,0.06880316
2007-02-18,0.113980934,0.070742674
2007-02-19,0.08880398,0.06844678
2007-02-20,0.04773522,0.06332618
2007-02-21,0.14126201,0.072547846
2007-02-22,0.8387281,0.07169208
2007-02-23,1.4583968,0.085749865
2007-02-24,0.14795315,0.05757233
2007-02-25,1.6266743,0.09639659
2007-02-26,0.358085,0.061295293
2007-02-27,0.19323654,0.057081137
2007-02-28,0.09606239,0.05589385
2007-03-01,0.04069944,0.05221711
2007-03-02,0.00850949,0.050645377
2007-03-03,0.013199061,0.050760847
2007-03-04,0.030630082,0.05071943
2007-03-05,0.008345481,0.048846733
2007-03-06,0.009899178,0.04867964
2007-03-07,0.017759513,0.048710376
2007-03-08,0.00985242,0.046757452
2007-03-09,0.11084696,0.047126535
2007-03-10,1.273646,0.0613837
2007-03-11,1.74709,0.076832496
2007-03-12,0.18610558,0.046580035
2007-03-13,0.757192,0.055266116
2007-03-14,1.6179905,0.07352336
2007-03-15,1.694871,0.0912291
2007-03-16,2.7486238,0.22778384
2007-03-17,0.90847826,0.083498724
2007-03-18,0.19781028,0.051544044
2007-03-19,0.34939986,0.06359747
2007-03-20,0.2913081,0.05394099
2007-03-21,0.18494327,0.04710992
2007-03-22,0.6969183,0.06447709
2007-03-23,0.9570219,0.071543135
2007-03-24,0.15058774,0.043893587
2007-03-25,0.27790564,0.054999094
2007-03-26,1.2957927,0.09701322
2007-03-27,2.3938196,0.13371366
2007-03-28,2.9459808,0.18181548
2007-03-29,0.3589257,0.05365569
2007-03-30,0.3368882,0.05174205
2007-03-31,0.26353216,0.050030403
2007-04-01,0.041558176,0.034098126
2007-04-02,0.079733625,0.03370923
2007-04-03,0.763089,0.09174736
2007-04-04,0.7219742,0.07151691
2007-04-05,0.9843699,0.07912981
2007-04-06,0.4179436,0.051468626
2007-04-07,0.8730466,0.08573504
2007-04-08,2.4367032,0.18195753
2007-04-09,1.1470803,0.07998439
2007-04-10,1.6600273,0.111796364
2007-04-11,3.9219437,0.14578888
2007-04-12,5.2185893,0.23233694
2007-04-13,2.9820368,0.18864131
2007-04-14,6.364329,0.34281793
2007-04-15,0.56640923,0.072776414
2007-04-16,0.6810666,0.049605068
2007-04-17,2.1790967,0.18852383
2007-04-18,1.3845387,0.10117089
2007-04-19,1.4241229,0.107494734
2007-04-20,2.382819,0.1909219
2007-04-21,2.1308908,0.16638875
2007-04-22,0.8733245,0.092444465
2007-04-23,0.9731826,0.08487417
2007-04-24,3.5170386,0.23562211
2007-04-25,4.229155,0.24413754
2007-04-26,5.0545635,0.36145267
2007-04-27,2.6681633,0.25897622
2007-04-28,2.6438043,0.23191139
2007-04-29,1.8195363,0.13830271
2007-04-30,4.52578,0.28873605
2007-05-01,3.5141118,0.30801448
2007-05-02,1.3944643,0.12946971
2007-05-03,1.1104099,0.14904355
2007-05-04,2.6167107,0.16500844
2007-05-05,5.3315635,0.52153593
2007-05-06,2.7592628,0.2441906
2007-05-07,2.5658998,0.27235922
2007-05-08,0.9478642,0.16060679
2007-05-09,0.8344726,0.13708286
2007-05-10,1.4113503,0.16635588
2007-05-11,1.7203375,0.114731915
2007-05-12,10.453026,1.1133528
2007-05-13,2.8439586,0.31136814
2007-05-14,5.4512334,0.37025562
2007-05-15,6.602549,0.71063346
2007-05-16,3.6340861,0.3793457
2007-05-17,4.193774,0.33435208
2007-05-18,5.020515,0.4468808
2007-05-19,0.73392713,0.19763404
2007-05-20,0.93264836,0.16708964
2007-05-21,1.1366768,0.1899032
2007-05-22,2.127945,0.23690464
2007-05-23,2.9243622,0.28464374
2007-05-24,4.0330453,0.34585896
2007-05-25,2.2256122,0.2882305
2007-05-26,1.6549624,0.21951231
2007-05-27,2.1690733,0.25025085
2007-05-28,2.5122077,0.22691028
2007-05-29,4.5529246,0.4371488
2007-05-30,2.410703,0.30379474
2007-05-31,2.807139,0.24845128
2007-06-01,4.013853,0.33355826
2007-06-02,7.9316216,0.45876554
2007-06-03,6.247591,0.57395613
2007-06-04,4.4069786,0.5741548
2007-06-05,5.1720195,0.5360542
2007-06-06,3.1496422,0.37942922
2007-06-07,2.2025745,0.3357648
2007-06-08,2.2912464,0.29193303
2007-06-09,5.8654995,0.5375055
2007-06-10,8.458876,0.9441033
2007-06-11,3.8004422,0.52874833
2007-06-12,2.6484275,0.40107557
2007-06-13,5.467951,0.5035965
2007-06-14,7.908696,0.6124659
2007-06-15,3.8310874,0.46183124
2007-06-16,3.1082644,0.4540634
2007-06-17,4.8503776,0.52281266
2007-06-18,5.375701,0.60067236
2007-06-19,3.733703,0.5653985
2007-06-20,4.4404683,0.49592608
2007-06-21,3.7352238,0.3970938
2007-06-22,7.768311,0.76570386
2007-06-23,6.0894456,0.5699671
2007-06-24,2.1283653,0.25868106
2007-06-25,3.5633214,0.37065533
2007-06-26,5.743473,0.5214352
2007-06-27,4.502595,0.41543162
2007-06-28,2.8379526,0.273105
2007-06-29,5.384168,0.43251088
2007-06-30,5.8521156,0.63278913
2007-07-01,5.090339,0.31287828
2007-07-02,7.4110723,0.6482793
2007-07-03,8.672894,0.76590306
2007-07-04,8.289381,0.7017332
2007-07-05,6.959437,0.7981193
2007-07-06,5.4938912,0.7617658
2007-07-07,2.2673414,0.36921036
2007-07-08,5.0410824,0.5040419
2007-07-09,5.485575,0.45761412
2007-07-10,7.0434995,0.6071959
2007-07-11,3.5571902,0.34279323
2007-07-12,7.0787053,0.6850524
2007-07-13,6.6634755,0.7216182
2007-07-14,2.4793825,0.3200071
2007-07-15,2.116517,0.32264465
2007-07-16,9.16256,0.9677491
2007-07-17,8.989704,0.9521213
2007-07-18,4.072242,0.54731435
2007-07-19,1.9123082,0.57287985
2007-07-20,2.132524,0.33364943
2007-07-21,4.207259,0.5233601
2007-07-22,4.038106,0.5568518
2007-07-23,3.9001815,0.40498605
2007-07-24,4.9927187,0.41920727
2007-07-25,8.456138,0.6520881
2007-07-26,6.110883,0.5951164
2007-07-27,1.9940773,0.41258815
2007-07-28,5.346863,0.6398489
2007-07-29,9.524783,0.9821473
2007-07-30,10.09385,1.0003557
2007-07-31,5.6509,0.63806766
2007-08-01,7.549287,0.83417714
2007-08-02,5.4925184,0.53442615
2007-08-03,6.1595225,0.7347975
2007-08-04,6.376326,0.8938438
2007-08-05,8.940182,1.2724905
2007-08-06,5.062237,0.55807084
2007-08-07,5.9739823,0.75619584
2007-08-08,6.445938,1.058106
2007-08-09,6.062498,0.8624705
2007-08-10,6.1786447,1.0803698
2007-08-11,4.055348,0.75675964
2007-08-12,4.6678433,0.61198264
2007-08-13,5.0733085,0.7314931
2007-08-14,7.0536714,1.127355
2007-08-15,5.023027,0.8135844
2007-08-16,3.0457919,0.66721696
2007-08-17,7.7498126,1.006106
2007-08-18,5.277027,0.80420667
2007-08-19,3.6949606,0.78983057
2007-08-20,3.9058912,0.7684313
2007-08-21,5.845467,0.88095057
2007-08-22,6.0332823,0.97147584
2007-08-23,4.5460596,0.8152348
2007-08-24,2.6299055,0.47327548
2007-08-25,5.7444854,0.93273026
2007-08-26,9.17405,1.2226558
2007-08-27,8.502641,1.2164767
2007-08-28,5.276077,0.88399404
2007-08-29,4.8523555,0.63129
2007-08-30,3.0204833,0.5175551
2007-08-31,6.5255227,0.7942023
2007-09-01,6.367123,0.9788772
2007-09-02,8.879491,1.2844814
2007-09-03,6.2015953,0.8531892
2007-09-04,8.899686,1.6694677
2007-09-05,6.8994565,1.1217612
2007-09-06,4.000727,0.69737256
2007-09-07,3.3248193,0.5940781
2007-09-08,8.196642,1.3470551
2007-09-09,4.5358205,0.73119
2007-09-10,4.6388226,0.8045386
2007-09-11,6.361459,1.0380456
2007-09-12,5.199528,0.7218123
2007-09-13,4.347554,0.6976538
2007-09-14,4.9994006,1.0638576
2007-09-15,5.558514,1.1048807
2007-09-16,2.4299815,0.6564769
2007-09-17,2.8784792,0.6893467
2007-09-18,7.171886,1.1634374
2007-09-19,6.9757047,1.1820992
2007-09-20,2.620027,0.678295
2007-09-21,6.248844,1.1702956
2007-09-22,4.563226,0.80976844
2007-09-23,1.7306678,0.58574945
2007-09-24,3.125727,0.63480586
2007-09-25,4.0347567,0.7194842
2007-09-26,6.091154,0.8908305
2007-09-27,2.2970595,0.59708935
2007-09-28,1.4450364,0.49452594
2007-09-29,3.1251605,0.662528
2007-09-30,4.415954,0.7846814
2007-10-01,8.646627,1.7608871
2007-10-02,3.8672786,0.7737478
2007-10-03,2.9573743,0.672233
2007-10-04,5.0165973,1.0395443
2007-10-05,3.408259,0.7302246
2007-10-06,4.5900087,0.7424952
2007-10-07,4.4845586,0.9391875
2007-10-08,4.114261,0.77865916
2007-10-09,3.832007,0.8086312
2007-10-10,2.8113394,0.64686203
2007-10-11,1.3895254,0.47913614
2007-10-12,1.5533675,0.55746585
2007-10-13,1.351067,0.53309506
2007-10-14,2.330882,0.6088255
2007-10-15,2.337404,0.58323544
2007-10-16,3.1992462,0.7016114
2007-10-17,4.188228,0.6856097
2007-10-18,3.549265,0.6025171
2007-10-19,3.1464505,0.65446633
2007-10-20,6.064778,1.1886476
2007-10-21,7.9654317,1.2740008
2007-10-22,4.5757713,0.8202752
2007-10-23,1.159115,0.50173265
2007-10-24,1.6248865,0.52974975
2007-10-25,2.1854022,0.6775965
2007-10-26,0.9301049,0.47439173
2007-10-27,1.6563417,0.55931157
2007-10-28,0.83567595,0.46065864
2007-10-29,1.2257122,0.534822
2007-10-30,1.4345405,0.6501309
2007-10-31,1.2775646,0.48095283
2007-11-01,0.6697122,0.4416872
2007-11-02,1.4282851,0.4789821
2007-11-03,3.3687053,0.7083645
2007-11-04,4.220777,0.68437797
2007-11-05,1.5268298,0.48729494
2007-11-06,2.5613344,0.58457917
2007-11-07,4.4349613,0.7575359
2007-11-08,4.863689,0.78905815
2007-11-09,2.9566808,0.6439871
2007-11-10,3.3285668,0.6275226
2007-11-11,2.155036,0.5513691
2007-11-12,4.1393704,0.8238358
2007-11-13,3.3081517,0.6622538
2007-11-14,1.9529178,0.5755263
2007-11-15,4.465026,0.9607586
2007-11-16,4.6310587,1.2078575
2007-11-17,1.8501631,0.9912433
2007-11-18,1.3378862,0.57191813
2007-11-19,0.5325405,0.51820683
2007-11-20,0.09972898,0.47207603
2007-11-21,0.024837306,0.44617906
2007-11-22,0.18782517,0.4336243
2007-11-23,0.7816282,0.4470886
2007-11-24,1.0769478,0.45828226
2007-11-25,0.412795,0.41276112
2007-11-26,0.087382965,0.367532
2007-11-27,0.14839391,0.3653129
2007-11-28,0.10731969,0.3421018
2007-11-29,0.16589281,0.34508437
2007-11-30,0.08279118,0.31621388
2007-12-01,0.10340412,0.31555837
2007-12-02,0.19306041,0.30004314
2007-12-03,0.6824451,0.34652662
2007-12-04,0.43036324,0.2938252
2007-12-05,0.20151247,0.28418016
2007-12-06,0.11220389,0.26269358
2007-12-07,0.5343377,0.2686848
2007-12-08,0.7080971,0.2797642
2007-12-09,0.46684328,0.25510228
2007-12-10,0.25388956,0.23820876
2007-12-11,0.33561933,0.23497628
2007-12-12,0.17813203,0.22568503
2007-12-13,0.08737228,0.2133196
2007-12-14,0.09369055,0.20806976
2007-12-15,0.051258925,0.21172911
2007-12-16,0.0034263919,0.19576253
2007-12-17,0.0012038418,0.19057132
2007-12-18,0.003410964,0.18564886
2007-12-19,0.008186694,0.18100668
2007-12-20,0.042225607,0.1766099
2007-12-21,0.0072631626,0.17307207
2007-12-22,0.0026509676,0.16772462
2007-12-23,0.0011034425,0.16333489
2007-12-24,0.0067699486,0.15966502
2007-12-25,0.0042573563,0.15558955
2007-12-26,0.007888107,0.1520885
2007-12-27,0.0018741195,0.14814006
2007-12-28,0.007852267,0.14526835
2007-12-29,0.014650223,0.14441295
2007-12-30,0.0056681675,0.13845806
2007-12-31,0.050842613,0.13829368
2008-01-01,0.20354965,0.13556327
2008-01-02,0.041189093,0.1344806
2008-01-03,0.02544611,0.12953332
2008-01-04,0.07539178,0.12631461
2008-01-05,0.19167691,0.12629835
2008-01-06,0.0038305998,0.12053257
2008-01-07,0.035579316,0.11828659
2008-01-08,0.030148262,0.1163383
2008-01-09,0.017391622,0.11365428
2008-01-10,0.025473168,0.11384884
2008-01-11,0.010762421,0.10958769
2008-01-12,0.3316349,0.11610178
2008-01-13,0.24027608,0.11688028
2008-01-14,0.475391,0.11888098
2008-01-15,1.1285806,0.1392272
2008-01-16,1.234284,0.15303156
2008-01-17,0.97936773,0.14917207
2008-01-18,0.45265234,0.13993308
2008-01-19,0.38202158,0.11383573
2008-01-20,1.1506736,0.1270561
2008-01-21,2.6719935,0.18803541
2008-01-22,0.96389276,0.15469776
2008-01-23,1.2229452,0.19188863
2008-01-24,0.072747216,0.09596485
2008-01-25,0.06856083,0.09598003
2008-01-26,0.07947136,0.09246464
2008-01-27,0.06154736,0.08680952
2008-01-28,0.0075251977,0.08220267
2008-01-29,0.0031641196,0.08047642
2008-01-30,0.00908008,0.08001145
2008-01-31,0.0042034774,0.07794721
2008-02-01,0.024163468,0.08243456
2008-02-02,0.0029322281,0.07531238
2008-02-03,0.006545652,0.07446208
2008-02-04,0.006601192,0.07318335
2008-02-05,0.015728269,0.07237553
2008-02-06,0.07558142,0.07554012
2008-02-07,0.55470663,0.08737631
2008-02-08,0.89704865,0.08470482
2008-02-09,0.15015553,0.07735063
2008-02-10,0.8432997,0.08615906
2008-02-11,0.1237339,0.06786361
2008-02-12,0.15927358,0.06989462
2008-02-13,0.004984123,0.063445985
2008-02-14,0.0010417313,0.06244039
2008-02-15,9.49402e-06,0.061453372
2008-02-16,0.00023711316,0.06049376
2008-02-17,0.0019697717,0.05961485
2008-02-18,0.005591978,0.058968663
2008-02-19,0.004556655,0.058086667
2008-02-20,0.05998203,0.06272035
2008-02-21,0.0370319,0.059008777
2008-02-22,0.0042597293,0.055672932
2008-02-23,0.007867695,0.055189926
2008-02-24,0.011455722,0.054029398
2008-02-25,0.53675604,0.07353273
2008-02-26,0.8576789,0.06931145
2008-02-27,0.10591956,0.057521418
2008-02-28,0.0906171,0.059325878
2008-02-29,0.12216241,0.053935055
2008-03-01,0.1739238,0.056047235
2008-03-02,0.17049813,0.055378914
2008-03-03,0.04828184,0.050256003
2008-03-04,0.03784767,0.04751579
2008-03-05,0.07514279,0.04824042
2008-03-06,0.7272533,0.06431985
2008-03-07,1.7805693,0.071644254
2008-03-08,1.7057167,0.0754796
2008-03-09,0.9226436,0.06123085
2008-03-10,0.95018786,0.056231778
2008-03-11,2.360994,0.096592456
2008-03-12,1.5876192,0.08026268
2008-03-13,2.8309364,0.106838346
2008-03-14,1.8667604,0.10904499
2008-03-15,0.86953783,0.058904342
2008-03-16,3.018629,0.18615305
2008-03-17,2.2517104,0.20958784
2008-03-18,0.9499916,0.09228104
2008-03-19,0.26830578,0.04308968
2008-03-20,1.267648,0.10759288
2008-03-21,0.33967942,0.0469147
2008-03-22,0.53868765,0.057954583
2008-03-23,1.3913035,0.10916284
2008-03-24,0.6462776,0.072237864
2008-03-25,0.49325684,0.06335574
2008-03-26,3.5287495,0.22722465
2008-03-27,3.8823621,0.2659231
2008-03-28,1.0284612,0.1578874
2008-03-29,1.859571,0.15974484
2008-03-30,2.0157683,0.12317304
2008-03-31,1.9302843,0.107908554
2008-04-01,3.6354818,0.3360165
2008-04-02,1.2551959,0.132626
2008-04-03,1.7435522,0.1993705
2008-04-04,0.30215883,0.062166248
2008-04-05,0.7369299,0.07160615
2008-04-06,1.3866808,0.10213952
2008-04-07,1.7189374,0.133999
2008-04-08,3.549244,0.2798837
2008-04-09,5.1591415,0.4358974
2008-04-10,2.5132816,0.2549225
2008-04-11,2.9607208,0.2526734
2008-04-12,3.8365917,0.3049803
2008-04-13,3.1705682,0.2579962
2008-04-14,1.8626833,0.20939726
2008-04-15,4.376382,0.29941604
2008-04-16,3.7254326,0.36633542
2008-04-17,1.6818398,0.15998907
2008-04-18,1.6145093,0.12602635
2008-04-19,4.681699,0.28229937
2008-04-20,6.691523,0.5825705
2008-04-21,6.5559864,0.53429425
2008-04-22,2.7751694,0.301095
2008-04-23,1.2851903,0.1677356
2008-04-24,4.6554937,0.52985674
2008-04-25,6.737833,0.67004913
2008-04-26,6.0707684,0.36334825
2008-04-27,1.1593626,0.17765175
2008-04-28,0.69902784,0.1250347
2008-04-29,3.902315,0.38431188
2008-04-30,2.5588899,0.2966136
2008-05-01,1.8088838,0.264117
2008-05-02,2.92158,0.43197614
2008-05-03,3.3045485,0.5511179
2008-05-04,5.471028,0.5359843
2008-05-05,4.480359,0.5760654
2008-05-06,0.9701241,0.17003612
2008-05-07,1.162782,0.1696694
2008-05-08,1.1489614,0.17166327
2008-05-09,2.7118418,0.3446684
2008-05-10,0.9379145,0.22395147
2008-05-11,0.7743534,0.14632101
2008-05-12,3.0778832,0.31757
2008-05-13,1.9908128,0.23101966
2008-05-14,1.7900056,0.2408348
2008-05-15,2.9772263,0.3138977
2008-05-16,2.4028232,0.21324648
2008-05-17,2.9825263,0.23707683
2008-05-18,2.95766,0.27902782
2008-05-19,3.7708082,0.4113652
2008-05-20,3.8514934,0.37928858
2008-05-21,3.7529292,0.49030635
2008-05-22,4.325879,0.3994043
2008-05-23,2.4055488,0.3201494
2008-05-24,3.51704,0.45308217
2008-05-25,6.1062512,0.6068741
2008-05-26,2.3654063,0.46320036
2008-05-27,3.669431,0.30538025
2008-05-28,4.0146685,0.33545184
2008-05-29,1.2550349,0.25278127
2008-05-30,2.2903488,0.4324658
2008-05-31,3.6372135,0.35076892
2008-06-01,3.6884406,0.41831946
2008-06-02,5.858102,0.5374733
2008-06-03,0.5465263,0.2269428
2008-06-04,1.184902,0.2580343
2008-06-05,3.266764,0.38890213
2008-06-06,9.958506,0.80945647
2008-06-07,7.0948544,0.74914545
2008-06-08,1.8066356,0.4232619
2008-06-09,3.659737,0.4847071
2008-06-10,5.664176,0.7097974
2008-06-11,5.343685,0.9486471
2008-06-12,0.9067959,0.2984808
2008-06-13,2.0324428,0.39046708
2008-06-14,3.135948,0.5877949
2008-06-15,2.164365,0.3568419
2008-06-16,3.717228,0.47463906
2008-06-17,2.4237633,0.36330304
2008-06-18,4.2918663,0.5827928
2008-06-19,2.6003237,0.34066942
2008-06-20,3.307682,0.35682622
2008-06-21,8.424787,0.89155823
2008-06-22,1.7364726,0.32989144
2008-06-23,0.75426286,0.24306186
2008-06-24,2.631044,0.35041967
2008-06-25,4.0714765,0.44886634
2008-06-26,3.8807857,0.6029542
2008-06-27,4.7690787,0.61747706
2008-06-28,1.4555242,0.31377286
2008-06-29,1.6933465,0.32204774
2008-06-30,0.74712807,0.27066928
2008-07-01,1.8887527,0.31847712
2008-07-02,5.0653377,0.4838428
2008-07-03,9.658472,0.9233216
2008-07-04,2.6852677,0.41343608
2008-07-05,2.2331953,0.36473617
2008-07-06,4.3637204,0.465788
2008-07-07,7.1553507,0.76267886
2008-07-08,1.8132148,0.32356155
2008-07-09,7.4290614,0.6538503
2008-07-10,9.596129,0.7523219
2008-07-11,6.390874,0.9137043
2008-07-12,3.181265,0.41519937
2008-07-13,4.038807,0.38933173
2008-07-14,4.251021,0.52454305
2008-07-15,4.330056,0.48645723
2008-07-16,5.0131025,0.5773541
2008-07-17,4.6013446,0.46433437
2008-07-18,8.302569,0.8239574
2008-07-19,6.304254,0.8015548
2008-07-20,3.3756294,0.54278916
2008-07-21,2.61639,0.41825393
2008-07-22,4.033166,0.3881134
2008-07-23,5.9696126,0.81429815
2008-07-24,6.8442373,0.9003393
2008-07-25,4.4310727,0.5186191
2008-07-26,4.683209,0.51475656
2008-07-27,4.1093044,0.5341198
2008-07-28,7.768065,0.6507608
2008-07-29,7.837278,0.8226125
2008-07-30,4.8800054,0.66664445
2008-07-31,3.610224,0.5921591
2008-08-01,7.185715,0.9277571
2008-08-02,5.0861406,0.6570992
2008-08-03,5.5983267,0.7212956
2008-08-04,4.958702,0.7391401
2008-08-05,5.7406454,0.72761697
2008-08-06,4.419617,0.5884126
2008-08-07,5.683368,0.84332997
2008-08-08,2.4573767,0.49696782
2008-08-09,3.2841527,0.4775384
2008-08-10,4.29572,0.5466594
2008-08-11,5.267943,0.64328265
2008-08-12,6.6379113,1.212083
2008-08-13,2.6239595,0.48215795
2008-08-14,3.949652,0.6420004
2008-08-15,6.173613,0.8178052
2008-08-16,9.018235,0.99829936
2008-08-17,7.224788,0.7795572
2008-08-18,5.527639,0.83176637
2008-08-19,6.996714,1.0115825
2008-08-20,10.852379,1.7449595
2008-08-21,2.768737,0.6005941
2008-08-22,2.5186794,0.56037074
2008-08-23,3.0540905,0.6571276
2008-08-24,4.6779594,0.73312855
2008-08-25,8.310589,1.2305946
2008-08-26,3.0625424,0.6557626
2008-08-27,6.4978614,0.8295147
2008-08-28,7.2550855,1.0608304
2008-08-29,3.1104474,0.6688822
2008-08-30,3.6433587,0.6387398
2008-08-31,5.619944,0.8970679
2008-09-01,3.2355745,0.6817582
2008-09-02,5.224091,0.65411735
2008-09-03,6.936102,1.2162386
2008-09-04,2.7070944,0.51220846
2008-09-05,8.146135,1.2449344
2008-09-06,4.1835475,0.73804295
2008-09-07,6.90293,1.057943
2008-09-08,6.729393,0.9234634
2008-09-09,3.0488622,0.6229105
2008-09-10,2.3570867,0.47468722
2008-09-11,9.039676,1.1596819
2008-09-12,7.6237054,1.0831991
2008-09-13,4.495036,0.8849426
2008-09-14,4.952153,0.9255827
2008-09-15,4.8051953,0.78173643
2008-09-16,6.7754226,1.0038661
2008-09-17,2.9294932,0.61276007
2008-09-18,4.5375466,0.79658675
2008-09-19,3.1514604,0.56600195
2008-09-20,5.273535,0.8417999
2008-09-21,2.7607455,0.553748
2008-09-22,3.4980311,0.6122188
2008-09-23,5.2852955,0.8115053
2008-09-24,6.8343196,1.0238945
2008-09-25,3.3394094,0.6154182
2008-09-26,1.3343496,0.4285996
2008-09-27,0.9337713,0.39342555
2008-09-28,1.3905143,0.42463395
2008-09-29,3.3484588,0.57530415
2008-09-30,4.2125835,0.5844614
2008-10-01,3.8958156,0.68560547
2008-10-02,3.5303051,0.7756687
2008-10-03,5.717032,0.85538334
2008-10-04,5.3526077,0.8911224
2008-10-05,5.500534,0.5716541
2008-10-06,3.476781,0.54041916
2008-10-07,4.380981,0.7953614
2008-10-08,8.047284,1.3804668
2008-10-09,7.173315,1.389011
2008-10-10,2.8812318,0.7985061
2008-10-11,2.833668,0.6440482
2008-10-12,7.051485,1.1488459
2008-10-13,9.7632885,1.5821471
2008-10-14,4.7109447,1.0542566
2008-10-15,1.5150809,0.6268355
2008-10-16,2.252326,0.64445525
2008-10-17,2.4165375,0.7147838
2008-10-18,2.4005313,0.70384383
2008-10-19,3.025953,0.80712616
2008-10-20,3.711794,0.9104608
2008-10-21,3.8809383,0.73533547
2008-10-22,4.929263,0.88534576
2008-10-23,3.6669667,0.7704394
2008-10-24,2.7265046,0.7858445
2008-10-25,1.751021,0.69898033
2008-10-26,1.8168592,0.66472
2008-10-27,4.13412,0.9819353
2008-10-28,4.1487575,1.1023743
2008-10-29,0.7626055,0.5696013
2008-10-30,0.5693942,0.53566647
2008-10-31,1.0066353,0.57063323
2008-11-01,1.2167164,0.6494886
2008-11-02,2.2619686,0.67183435
2008-11-03,2.5779653,0.6873686
2008-11-04,4.2148414,0.9505998
2008-11-05,4.4608917,0.95891845
2008-11-06,1.5897928,0.63938355
2008-11-07,3.4582582,0.8430772
2008-11-08,2.5938914,0.8360623
2008-11-09,1.9971516,0.6671282
2008-11-10,2.6579654,0.9135941
2008-11-11,0.8634194,0.56987715
2008-11-12,1.2612146,0.5873481
2008-11-13,1.6062343,0.5973795
2008-11-14,0.87391317,0.53413314
2008-11-15,0.20950004,0.46178713
2008-11-16,0.1792509,0.44476494
2008-11-17,0.13132769,0.4260901
2008-11-18,0.108151846,0.4068978
2008-11-19,0.29475847,0.3963986
2008-11-20,0.07166656,0.37426436
2008-11-21,0.07406641,0.35950556
2008-11-22,0.073404916,0.34573635
2008-11-23,0.016069816,0.33211365
2008-11-24,0.0022448609,0.31914824
2008-11-25,0.009139894,0.30767354
2008-11-26,0.041200012,0.29669642
2008-11-27,0.024420043,0.28531632
2008-11-28,0.027887259,0.27578157
2008-11-29,0.037291087,0.268646
2008-11-30,0.06292186,0.2638602
2008-12-01,0.03777528,0.24937753
2008-12-02,0.143551,0.2420812
2008-12-03,0.09589032,0.23456389
2008-12-04,0.20616241,0.23829432
2008-12-05,0.38807067,0.22345267
2008-12-06,0.3987066,0.22359948
2008-12-07,0.26697353,0.21662001
2008-12-08,0.10049753,0.20110673
2008-12-09,0.6317387,0.2078317
2008-12-10,0.5596454,0.20474115
2008-12-11,0.18200582,0.19763535
2008-12-12,0.071927644,0.18781106
2008-12-13,0.2200429,0.17746793
2008-12-14,0.041200012,0.17051129
2008-12-15,0.009660402,0.16585626
2008-12-16,0.011416323,0.16246513
2008-12-17,0.0027713045,0.15729716
2008-12-18,0.0023438362,0.15315315
2008-12-19,0.0061177094,0.14932051
2008-12-20,0.006222381,0.14583586
2008-12-21,0.0036407195,0.14211729
2008-12-22,0.010873976,0.14055872
2008-12-23,0.052131664,0.1366694
2008-12-24,0.05862937,0.1345417
2008-12-25,0.031061111,0.13256572
2008-12-26,0.02286682,0.12796527
2008-12-27,0.012335343,0.12558833
2008-12-28,0.01885014,0.12510793
2008-12-29,0.004432046,0.11909572
2008-12-30,0.047166765,0.12040565
2008-12-31,0.16562626,0.12598589
2009-01-01,0.12704019,0.11617345
2009-01-02,0.047415037,0.110270195
2009-01-03,0.012785359,0.10714013
2009-01-04,0.0027582503,0.10467288
2009-01-05,0.0029974994,0.102520935
2009-01-06,0.0008079411,0.10032284
2009-01-07,0.01252997,0.09948368
2009-01-08,0.013544643,0.098571904
2009-01-09,0.006227365,0.0948792
2009-01-10,0.0009971095,0.092743404
2009-01-11,0.027073147,0.09211751
2009-01-12,0.0044830763,0.089575015
2009-01-13,0.005007621,0.08765793
2009-01-14,0.017332282,0.08802405
2009-01-15,0.010114573,0.08656031
2009-01-16,0.008893997,0.08350869
2009-01-17,0.032282278,0.08446242
2009-01-18,0.23217483,0.08437964
2009-01-19,0.26675966,0.085606396
2009-01-20,0.2290532,0.08708176
2009-01-21,0.17993754,0.09187339
2009-01-22,0.33176664,0.096848495
2009-01-23,0.907667,0.10744988
2009-01-24,1.0121284,0.10948481
2009-01-25,1.811827,0.11087627
2009-01-26,1.0661792,0.09626764
2009-01-27,1.9523194,0.13787025
2009-01-28,0.97032875,0.13653694
2009-01-29,1.5337034,0.18615566
2009-01-30,1.427797,0.10488187
2009-01-31,0.20504117,0.080556996
2009-02-01,0.20621677,0.06937411
2009-02-02,0.020736365,0.064115375
2009-02-03,0.35270333,0.07963038
2009-02-04,0.29176998,0.0699752
2009-02-05,0.20301609,0.07306515
2009-02-06,0.07201593,0.0641651
2009-02-07,0.121513724,0.07075288
2009-02-08,0.113871746,0.06676409
2009-02-09,0.66109496,0.08643759
2009-02-10,0.32591048,0.07347469
2009-02-11,0.38681626,0.071825
2009-02-12,0.34555858,0.059748836
2009-02-13,0.08148148,0.061110042
2009-02-14,0.11676683,0.06503878
2009-02-15,0.87731457,0.0871049
2009-02-16,0.39836696,0.083348475
2009-02-17,0.07349867,0.0573014
2009-02-18,0.3818343,0.06836632
2009-02-19,0.6149384,0.075304195
2009-02-20,0.3628059,0.067213036
2009-02-21,0.26748475,0.06014616
2009-02-22,0.39219296,0.0626756
2009-02-23,0.14149366,0.049479745
2009-02-24,0.026357062,0.04833085
2009-02-25,0.21885283,0.055729065
2009-02-26,0.22325735,0.056999248
2009-02-27,1.5306877,0.13559882
2009-02-28,2.6731212,0.20299378
2009-03-01,2.9875884,0.22866312
2009-03-02,0.709533,0.07448783
2009-03-03,0.1315838,0.062416177
2009-03-04,0.050699968,0.057541236
2009-03-05,0.03836059,0.05022633
2009-03-06,0.05152571,0.05091275
2009-03-07,0.10519707,0.04744399
2009-03-08,1.1277376,0.06390034
2009-03-09,0.6198973,0.05067006
2009-03-10,0.790428,0.06702725
2009-03-11,0.37580937,0.05777918
2009-03-12,0.2524232,0.05015762
2009-03-13,0.19124351,0.052028656
2009-03-14,0.1477298,0.043975055
2009-03-15,0.3041241,0.055470712
2009-03-16,0.29031125,0.05501915
2009-03-17,0.8427132,0.075070165
2009-03-18,0.3764607,0.059013702
2009-03-19,0.8931784,0.0752013
2009-03-20,0.87397134,0.07927993
2009-03-21,0.62206364,0.05612046
2009-03-22,1.2384249,0.06414398
2009-03-23,0.68990934,0.07738297
2009-03-24,0.14864668,0.036270954
2009-03-25,2.0733926,0.18568563
2009-03-26,0.2771198,0.06068097
2009-03-27,0.1259154,0.041933782
2009-03-28,0.23766285,0.056132503
2009-03-29,0.29917744,0.06783091
2009-03-30,0.44161764,0.060137615
2009-03-31,1.7366996,0.096945815
2009-04-01,1.1053895,0.09833871
2009-04-02,0.40116742,0.06160373
2009-04-03,3.0379567,0.1428576
2009-04-04,3.2806976,0.18077089
2009-04-05,1.1278974,0.06634729
2009-04-06,3.6546507,0.21110868
2009-04-07,2.3001747,0.15145014
2009-04-08,0.7973698,0.09580404
2009-04-09,4.872468,0.37913877
2009-04-10,5.7731066,0.44969222
2009-04-11,6.9441066,0.40893155
2009-04-12,5.1783996,0.4163001
2009-04-13,1.5374097,0.20680752
2009-04-14,1.2095864,0.17322469
2009-04-15,6.5272374,0.6961408
2009-04-16,4.2993574,0.5922659
2009-04-17,0.6178939,0.1576368
2009-04-18,2.2419834,0.25641638
2009-04-19,4.4503317,0.5531984
2009-04-20,2.111174,0.26979288
2009-04-21,0.6353951,0.106086776
2009-04-22,1.669549,0.15570976
2009-04-23,1.276451,0.10288112
2009-04-24,1.9992648,0.16385242
2009-04-25,2.1006472,0.13237335
2009-04-26,2.8549738,0.20905292
2009-04-27,3.5663083,0.3168316
2009-04-28,4.169071,0.24360599
2009-04-29,2.7805998,0.27298024
2009-04-30,3.0867758,0.3443144
2009-05-01,2.3809032,0.20837629
2009-05-02,1.3391736,0.11189865
2009-05-03,1.8232085,0.14998417
2009-05-04,0.5444533,0.07830466
2009-05-05,0.37198257,0.05954679
2009-05-06,2.9058192,0.21157596
2009-05-07,3.0116844,0.1801488
2009-05-08,1.321241,0.14914204
2009-05-09,0.9278931,0.10525308
2009-05-10,5.528893,0.3495557
2009-05-11,5.0156975,0.27047753
2009-05-12,3.4129927,0.27618554
2009-05-13,1.0603912,0.13838485
2009-05-14,1.5047057,0.157162
2009-05-15,1.6563294,0.14723304
2009-05-16,1.8034724,0.1833869
2009-05-17,0.6323796,0.08848088
2009-05-18,0.28108373,0.06574615
2009-05-19,1.0607177,0.100067444
2009-05-20,2.4082513,0.18359773
2009-05-21,5.146616,0.28720123
2009-05-22,5.056033,0.39668164
2009-05-23,2.487129,0.22183265
2009-05-24,1.0322796,0.15129861
2009-05-25,2.073865,0.21677078
2009-05-26,3.3518906,0.29701933
2009-05-27,1.2563674,0.17104688
2009-05-28,1.585182,0.16846012
2009-05-29,1.1426673,0.1413199
2009-05-30,1.462987,0.15520635
2009-05-31,1.8323029,0.19584644
2009-06-01,1.2479281,0.13039409
2009-06-02,1.8636359,0.14990607
2009-06-03,5.962189,0.39843354
2009-06-04,2.2706478,0.21806079
2009-06-05,1.3791056,0.12200184
2009-06-06,1.0386658,0.11386226
2009-06-07,1.9704932,0.15605938
2009-06-08,5.7821918,0.3505253
2009-06-09,2.3973682,0.20683269
2009-06-10,1.3145014,0.18652141
2009-06-11,2.2529283,0.19457851
2009-06-12,2.0498822,0.13272391
2009-06-13,2.5012984,0.16728261
2009-06-14,3.3343854,0.20872472
2009-06-15,3.9213426,0.3109862
2009-06-16,2.0508287,0.2274098
2009-06-17,3.4719243,0.33365253
2009-06-18,3.5082145,0.22958487
2009-06-19,3.1377935,0.2647009
2009-06-20,1.4686706,0.1738202
2009-06-21,3.1085885,0.3105483
2009-06-22,3.5762994,0.33520892
2009-06-23,5.579586,0.33193406
2009-06-24,2.739268,0.2519968
2009-06-25,1.4879185,0.23030771
2009-06-26,2.3444376,0.24142635
2009-06-27,5.9238005,0.45436457
2009-06-28,9.506412,0.8001311
2009-06-29,6.023273,0.722001
2009-06-30,1.9231489,0.18883808
2009-07-01,2.6521297,0.29534534
2009-07-02,4.4494367,0.3683631
2009-07-03,2.0665007,0.17328653
2009-07-04,4.4382863,0.26594576
2009-07-05,3.329684,0.32399982
2009-07-06,2.3344913,0.2612581
2009-07-07,2.5917702,0.2932248
2009-07-08,8.338641,0.5564678
2009-07-09,4.390888,0.50082105
2009-07-10,2.674535,0.28265786
2009-07-11,2.8624382,0.24672857
2009-07-12,1.1591133,0.20725933
2009-07-13,1.8522949,0.40967834
2009-07-14,2.0185816,0.21760496
2009-07-15,1.513939,0.21796253
2009-07-16,2.3218193,0.23278981
2009-07-17,5.140979,0.29317403
2009-07-18,10.151847,0.6170171
2009-07-19,3.5598342,0.2191151
2009-07-20,1.9138526,0.22879983
2009-07-21,4.1753445,0.2901681
2009-07-22,7.8230247,0.44355112
2009-07-23,5.4367404,0.5715763
2009-07-24,3.9858682,0.37098986
2009-07-25,10.0594,0.84452313
2009-07-26,4.1493797,0.38232976
2009-07-27,3.5228097,0.34456754
2009-07-28,4.7490396,0.39395815
2009-07-29,3.845621,0.35979298
2009-07-30,1.2336721,0.25424486
2009-07-31,3.2427266,0.39942363
2009-08-01,5.8670473,0.5636125
2009-08-02,3.8181765,0.3875587
2009-08-03,4.406072,0.5248126
2009-08-04,3.3062308,0.47626942
2009-08-05,1.3614695,0.29867342
2009-08-06,5.1527095,0.7190364
2009-08-07,7.0448747,0.61275584
2009-08-08,2.739063,0.38860303
2009-08-09,5.085411,0.7120744
2009-08-10,5.0486093,0.4556384
2009-08-11,2.3966289,0.34701723
2009-08-12,5.4790587,0.62670535
2009-08-13,4.6681046,0.46868452
2009-08-14,4.134642,0.45250183
2009-08-15,3.875592,0.4317788
2009-08-16,7.655877,0.7793821
2009-08-17,3.910515,0.5212249
2009-08-18,4.8797235,0.51076835
2009-08-19,8.898891,0.91243017
2009-08-20,2.8627367,0.38781923
2009-08-21,1.992849,0.33035997
2009-08-22,6.7619905,0.72962093
2009-08-23,5.499636,0.5538168
2009-08-24,6.9487467,0.5888033
2009-08-25,4.7087903,0.57267606
2009-08-26,3.5966113,0.40081534
2009-08-27,6.775717,0.9291334
2009-08-28,5.554611,0.53540564
2009-08-29,3.1566987,0.59831494
2009-08-30,0.8261414,0.30514053
2009-08-31,3.9227033,0.43237916
2009-09-01,6.91877,0.74042886
2009-09-02,8.027972,1.0200107
2009-09-03,2.8559597,0.5891989
2009-09-04,2.1672983,0.5965374
2009-09-05,4.5889544,0.6928268
2009-09-06,5.8276353,0.68357694
2009-09-07,6.9366274,0.8821364
2009-09-08,5.374997,0.970908
2009-09-09,2.245388,0.42500287
2009-09-10,5.4403973,0.68745387
2009-09-11,5.8245015,0.7795296
2009-09-12,2.2877595,0.41475186
2009-09-13,3.0542407,0.44950518
2009-09-14,6.634587,0.6874391
2009-09-15,4.4005427,0.5794596
2009-09-16,3.7897503,0.49663883
2009-09-17,4.213817,0.457628
2009-09-18,4.5656343,0.55632204
2009-09-19,6.419914,0.77217036
2009-09-20,2.8718166,0.5179498
2009-09-21,6.947598,1.0484902
2009-09-22,4.9307384,0.7091312
2009-09-23,1.3972715,0.42351744
2009-09-24,2.3154507,0.453669
2009-09-25,6.040007,0.70008284
2009-09-26,3.9287643,0.5826364
2009-09-27,3.785103,0.511267
2009-09-28,5.39489,0.62249434
2009-09-29,7.430979,0.8784514
2009-09-30,4.0337024,0.57734036
2009-10-01,4.107089,0.6904667
2009-10-02,4.662793,0.64554924
2009-10-03,2.3850527,0.44911534
2009-10-04,2.4208078,0.410905
2009-10-05,5.0746303,0.60840636
2009-10-06,2.1375296,0.45708132
2009-10-07,6.590269,0.8816579
2009-10-08,6.6623907,0.9834842
2009-10-09,4.8274035,0.7446814
2009-10-10,5.768708,0.8523762
2009-10-11,2.1953342,0.69825226
2009-10-12,1.3977369,0.4641217
2009-10-13,1.7777787,0.6035913
2009-10-14,1.7224402,0.5187446
2009-10-15,2.461051,0.5270758
2009-10-16,4.258023,0.5143691
2009-10-17,6.3875985,0.9123204
2009-10-18,4.400585,0.8904959
2009-10-19,2.9001307,0.5119248
2009-10-20,3.0674884,0.69608563
2009-10-21,4.2432356,0.7046793
2009-10-22,3.0696871,0.51568323
2009-10-23,1.9482383,0.55688936
2009-10-24,3.470841,0.6941088
2009-10-25,6.18126,0.8315441
2009-10-26,3.1113827,0.7591463
2009-10-27,2.447559,0.67459035
2009-10-28,4.1716785,1.0435303
2009-10-29,2.8960698,0.68281823
2009-10-30,2.2504888,0.5880806
2009-10-31,1.6275022,0.48950028
2009-11-01,0.89204365,0.40012166
2009-11-02,0.9248967,0.4019999
2009-11-03,0.4869967,0.3897996
2009-11-04,1.5578289,0.4701985
2009-11-05,4.505264,0.8535869
2009-11-06,3.2655995,0.67970896
2009-11-07,1.0090914,0.39028797
2009-11-08,1.5900044,0.4488947
2009-11-09,0.4828656,0.33077002
2009-11-10,0.6516356,0.34394377
2009-11-11,0.29122767,0.31113207
2009-11-12,0.8212532,0.33891326
2009-11-13,0.91484874,0.33846146
2009-11-14,0.325122,0.33953866
2009-11-15,2.9654524,0.62579006
2009-11-16,1.5398729,0.4630617
2009-11-17,1.0487628,0.39450026
2009-11-18,0.23887713,0.29219922
2009-11-19,0.22818616,0.28712612
2009-11-20,0.21303774,0.28603905
2009-11-21,0.55036503,0.2817679
2009-11-22,0.5295905,0.26531774
2009-11-23,0.2896443,0.26504514
2009-11-24,0.24357168,0.25646088
2009-11-25,0.41243187,0.25864476
2009-11-26,0.22802572,0.23161362
2009-11-27,0.08033033,0.22361645
2009-11-28,0.45975623,0.23821695
2009-11-29,0.9734677,0.2835834
2009-11-30,0.94332844,0.25778583
2009-12-01,0.48299143,0.25373006
2009-12-02,0.5280605,0.26630288
2009-12-03,0.6367535,0.24257885
2009-12-04,1.0051062,0.24202785
2009-12-05,1.3625281,0.22436659
2009-12-06,1.2079425,0.21579707
2009-12-07,1.1072743,0.22366689
2009-12-08,0.23301838,0.18442465
2009-12-09,0.37631187,0.1877538
2009-12-10,1.6584255,0.25374585
2009-12-11,1.7121308,0.2677665
2009-12-12,1.3675493,0.22987515
2009-12-13,0.55235255,0.17454275
2009-12-14,0.5516374,0.18987773
2009-12-15,0.5534701,0.18225493
2009-12-16,0.16909373,0.16185465
2009-12-17,0.08902709,0.14738588
2009-12-18,0.03734615,0.14012794
2009-12-19,0.044431303,0.14208856
2009-12-20,0.056976937,0.1384532
2009-12-21,0.24777208,0.16058268
2009-12-22,0.28472114,0.16602027
2009-12-23,0.14860587,0.1388561
2009-12-24,0.31539658,0.14242965
2009-12-25,0.38054952,0.14178868
2009-12-26,0.45165497,0.15347736
2009-12-27,0.9343786,0.15988143
2009-12-28,1.0732785,0.17665985
2009-12-29,0.7118514,0.1528313
2009-12-30,0.40730748,0.1338563
2009-12-31,0.41834354,0.124789394
2010-01-01,0.7064018,0.13823542
2010-01-02,1.1040603,0.14207505
2010-01-03,0.064400546,0.09279716
2010-01-04,0.073680006,0.09218278
2010-01-05,0.060596533,0.0842529
2010-01-06,0.04879736,0.07826301
2010-01-07,0.0055718026,0.07626344
2010-01-08,0.015001501,0.07503278
2010-01-09,0.02225066,0.075039074
2010-01-10,0.0050698067,0.07188741
2010-01-11,0.004642813,0.07025575
2010-01-12,0.001934644,0.06869754
2010-01-13,0.2273336,0.06938147
2010-01-14,0.32438505,0.06913836
2010-01-15,0.45869765,0.06893928
2010-01-16,0.44952333,0.06710718
2010-01-17,0.47144908,0.0661694
2010-01-18,0.65911186,0.07178191
2010-01-19,0.46024635,0.07871522
2010-01-20,0.25129768,0.073852085
2010-01-21,0.19540593,0.071993746
2010-01-22,0.43581113,0.09383332
2010-01-23,0.43987527,0.08223115
2010-01-24,0.34072638,0.08013642
2010-01-25,0.1667748,0.069431074
2010-01-26,0.007365698,0.05295325
2010-01-27,0.024120746,0.05572017
2010-01-28,0.011175886,0.05267876
2010-01-29,0.0042787176,0.050169013
2010-01-30,0.010874688,0.049219135
2010-01-31,0.0057543255,0.048192356
2010-02-01,0.00885436,0.046990592
2010-02-02,0.01969297,0.04614592
2010-02-03,0.3673647,0.049208216
2010-02-04,0.2636874,0.04815035
2010-02-05,0.7051325,0.054622423
2010-02-06,0.19961035,0.049078505
2010-02-07,0.22112523,0.053215526
2010-02-08,0.22328083,0.062225465
2010-02-09,0.24302627,0.067488596
2010-02-10,0.22185294,0.05806614
2010-02-11,0.6020092,0.07293923
2010-02-12,0.548264,0.06763813
2010-02-13,0.5434441,0.073432684
2010-02-14,0.70982707,0.07715327
2010-02-15,1.6592009,0.08952315
2010-02-16,1.4629974,0.09210374
2010-02-17,0.7683878,0.091786996
2010-02-18,0.44933915,0.0634534
2010-02-19,0.39629892,0.069134146
2010-02-20,1.3767093,0.09934008
2010-02-21,0.8955731,0.065038435
2010-02-22,1.5554289,0.09596888
2010-02-23,0.99868256,0.095587514
2010-02-24,2.339408,0.11802396
2010-02-25,5.9440527,0.3465016
2010-02-26,1.7165706,0.11824695
2010-02-27,0.7838899,0.07102512
2010-02-28,3.2529595,0.16689941
2010-03-01,1.4710351,0.09748958
2010-03-02,0.04651049,0.039290883
2010-03-03,0.39181775,0.060901646
2010-03-04,0.7308499,0.090775944
2010-03-05,0.20071,0.0533774
2010-03-06,0.51115,0.06299638
2010-03-07,0.5007208,0.046307676
2010-03-08,0.98710495,0.06642634
2010-03-09,0.4582087,0.06396323
2010-03-10,0.80939704,0.059463657
2010-03-11,0.29715335,0.057916608
2010-03-12,0.84741414,0.061835025
2010-03-13,1.4522024,0.0765307
2010-03-14,0.9598115,0.05969828
2010-03-15,1.2358477,0.053664118
2010-03-16,0.7389654,0.047621768
2010-03-17,3.6335495,0.14576763
2010-03-18,6.7375793,0.44811064
2010-03-19,7.6163335,0.47285047
2010-03-20,2.53689,0.25811964
2010-03-21,1.7217132,0.15492058
2010-03-22,1.5311438,0.17932115
2010-03-23,1.8026608,0.22613819
2010-03-24,1.1007152,0.108839564
2010-03-25,0.75825346,0.08666557
2010-03-26,0.94364744,0.09188764
2010-03-27,0.782322,0.09137638
2010-03-28,0.59541583,0.076006636
2010-03-29,0.44585958,0.05807872
2010-03-30,0.3715518,0.061141968
2010-03-31,0.21095476,0.047182433
2010-04-01,0.36938074,0.053057924
2010-04-02,1.4743814,0.1358974
2010-04-03,0.9808412,0.083586775
2010-04-04,0.72199976,0.06351297
2010-04-05,1.5465714,0.124754384
2010-04-06,2.3463914,0.16127475
2010-04-07,1.6000538,0.0833461
2010-04-08,1.589553,0.13480097
2010-04-09,0.88927925,0.07025587
2010-04-10,2.0996628,0.24791676
2010-04-11,0.32903022,0.05042452
2010-04-12,3.4531605,0.44670266
2010-04-13,3.7263157,0.32562104
2010-04-14,1.6924474,0.12841909
2010-04-15,3.1636267,0.32771885
2010-04-16,0.36384076,0.06579582
2010-04-17,1.1450284,0.11608896
2010-04-18,1.1125319,0.12072845
2010-04-19,1.4473451,0.124498054
2010-04-20,2.7088335,0.2545965
2010-04-21,3.162936,0.28270805
2010-04-22,3.7334871,0.32080507
2010-04-23,2.6857498,0.24792922
2010-04-24,1.9944655,0.34836942
2010-04-25,0.75804645,0.09925856
2010-04-26,2.4693673,0.16138256
2010-04-27,3.2683058,0.24488437
2010-04-28,3.2140493,0.28537825
2010-04-29,3.8736577,0.38603756
2010-04-30,4.125273,0.44629526
2010-05-01,10.310472,0.772339
2010-05-02,8.678543,1.0034925
2010-05-03,3.8769658,0.449853
2010-05-04,6.1730676,0.71205485
2010-05-05,4.9625673,0.47371873
2010-05-06,3.0951927,0.34809113
2010-05-07,5.0134816,0.57631254
2010-05-08,5.8758593,0.646198
2010-05-09,5.508204,0.6330902
2010-05-10,4.1386924,0.52158093
2010-05-11,0.9690271,0.27794978
2010-05-12,0.7847966,0.19112626
2010-05-13,3.5017889,0.38986197
2010-05-14,3.706513,0.3860399
2010-05-15,5.998784,0.56141645
2010-05-16,1.4249216,0.27280354
2010-05-17,1.7212261,0.3199021
2010-05-18,2.6412768,0.33061773
2010-05-19,2.9410577,0.442446
2010-05-20,0.9823401,0.23710461
2010-05-21,0.755677,0.15610579
2010-05-22,4.643455,0.4505347
2010-05-23,3.985472,0.38946334
2010-05-24,3.1525517,0.42532036
2010-05-25,2.4165728,0.30396244
2010-05-26,3.6434307,0.3716211
2010-05-27,3.6901994,0.43469116
2010-05-28,2.425763,0.3611288
2010-05-29,3.5967073,0.45358145
2010-05-30,4.1170135,0.43489125
2010-05-31,2.8292534,0.31514594
2010-06-01,5.9397607,0.69980943
2010-06-02,3.6570208,0.45526105
2010-06-03,4.263731,0.38949326
2010-06-04,3.926027,0.409767
2010-06-05,1.6828264,0.25065577
2010-06-06,3.817837,0.40380037
2010-06-07,4.055642,0.37012863
2010-06-08,1.9537073,0.32630473
2010-06-09,0.7418751,0.19941203
2010-06-10,2.8777287,0.28793606
2010-06-11,6.1227884,0.6003793
2010-06-12,4.705036,0.5297897
2010-06-13,1.9520195,0.30736405
2010-06-14,1.2910308,0.29960328
2010-06-15,2.4224346,0.388614
2010-06-16,4.0693374,0.44818598
2010-06-17,8.96327,0.61559725
2010-06-18,6.564109,0.600765
2010-06-19,3.361352,0.43558267
2010-06-20,2.1467607,0.35938948
2010-06-21,0.8725593,0.31523922
2010-06-22,2.278258,0.36064923
2010-06-23,2.8380368,0.39510563
2010-06-24,5.536994,0.53936774
2010-06-25,4.268045,0.70644563
2010-06-26,1.2174393,0.27014855
2010-06-27,6.3142214,0.6593967
2010-06-28,7.664597,0.7243082
2010-06-29,2.6028333,0.37054533
2010-06-30,1.0406396,0.27005267
2010-07-01,1.5830555,0.27455556
2010-07-02,5.9756904,0.5072831
2010-07-03,6.014163,0.5465343
2010-07-04,5.1479177,0.47070035
2010-07-05,2.64759,0.31077915
2010-07-06,2.5719547,0.3826205
2010-07-07,4.209059,0.47321352
2010-07-08,7.9213977,0.8307003
2010-07-09,4.9615602,0.59266967
2010-07-10,2.0716975,0.36365372
2010-07-11,1.3309389,0.2361412
2010-07-12,1.3572162,0.19648445
2010-07-13,3.9077158,0.27754048
2010-07-14,8.445337,0.66893333
2010-07-15,6.9045415,0.41734716
2010-07-16,3.6797476,0.31137466
2010-07-17,2.9092185,0.40984085
2010-07-18,7.3841934,0.7461837
2010-07-19,6.0099688,0.44082978
2010-07-20,5.6299944,0.5148421
2010-07-21,6.129661,0.56262535
2010-07-22,7.242457,0.8904394
2010-07-23,7.8671303,0.9437229
2010-07-24,4.2074437,0.42910883
2010-07-25,6.768639,0.5543864
2010-07-26,9.797104,0.96227735
2010-07-27,4.959839,0.6535403
2010-07-28,4.064618,0.67266417
2010-07-29,2.5644488,0.36993104
2010-07-30,4.5801063,0.60687137
2010-07-31,4.9155,0.8139464
2010-08-01,4.7304373,0.6166255
2010-08-02,2.8423543,0.48548168
2010-08-03,5.3951855,0.6836657
2010-08-04,2.9949312,0.37316376
2010-08-05,2.4043334,0.34621605
2010-08-06,4.3156805,0.50275975
2010-08-07,7.1828947,1.128831
2010-08-08,3.6946146,0.61962897
2010-08-09,8.129018,0.89402103
2010-08-10,9.787356,0.8724442
2010-08-11,9.2578,0.96815425
2010-08-12,5.9196324,0.7829673
2010-08-13,3.5196378,0.5926553
2010-08-14,4.679091,0.72125274
2010-08-15,5.2505608,0.7221498
2010-08-16,1.8020737,0.39284247
2010-08-17,6.1910267,0.71960896
2010-08-18,5.176564,0.6381664
2010-08-19,3.1248314,0.4968209
2010-08-20,2.7473917,0.41131738
2010-08-21,4.7229614,0.5058535
2010-08-22,7.3948917,0.8308834
2010-08-23,6.8884873,0.6853853
2010-08-24,7.9016714,0.77601236
2010-08-25,2.7865484,0.389092
2010-08-26,7.8961897,0.91904014
2010-08-27,5.7133603,0.7372676
2010-08-28,1.8287756,0.34998554
2010-08-29,7.3567834,0.7994577
2010-08-30,10.00938,1.3381258
2010-08-31,5.8345814,0.91295457
2010-09-01,3.574222,0.719712
2010-09-02,5.1877985,0.5993456
2010-09-03,5.8683524,0.9473868
2010-09-04,6.6008058,0.95838237
2010-09-05,8.170281,1.1535267
2010-09-06,4.563317,0.7885501
2010-09-07,7.0841126,1.2608137
2010-09-08,2.979171,0.5423685
2010-09-09,5.196262,0.65632504
2010-09-10,3.7062213,0.690692
2010-09-11,6.407051,0.904553
2010-09-12,6.412201,0.98124915
2010-09-13,5.596895,0.9264353
2010-09-14,6.598933,1.1030203
2010-09-15,3.641246,0.6688198
2010-09-16,2.0748858,0.5237302
2010-09-17,5.1109796,0.9579205
2010-09-18,4.591738,0.7006456
2010-09-19,2.450067,0.6028255
2010-09-20,6.384584,0.9537714
2010-09-21,10.484713,1.5925165
2010-09-22,2.2816153,0.5691608
2010-09-23,4.541131,0.75673324
2010-09-24,5.6435637,1.049766
2010-09-25,6.9405494,1.0854262
2010-09-26,2.2414126,0.6067717
2010-09-27,1.2433164,0.49756542
2010-09-28,1.2393868,0.50830936
2010-09-29,1.617542,0.50476986
2010-09-30,4.389229,0.88335866
2010-10-01,4.7531533,0.590168
2010-10-02,2.7208977,0.66662955
2010-10-03,1.6500103,0.49820367
2010-10-04,2.7966647,0.6006487
2010-10-05,4.3840437,0.9258534
2010-10-06,6.4930987,0.72986233
2010-10-07,4.7626657,0.9245638
2010-10-08,3.7315774,0.6425141
2010-10-09,6.0171313,0.7890289
2010-10-10,3.428397,0.53468263
2010-10-11,2.9737082,0.5987717
2010-10-12,2.6756723,0.5524435
2010-10-13,1.7795408,0.43872058
2010-10-14,4.9464984,0.8686997
2010-10-15,6.8702555,0.7893806
2010-10-16,4.1230345,0.6143182
2010-10-17,3.7026381,0.67727154
2010-10-18,3.5307586,0.59119236
2010-10-19,5.247951,0.80213386
2010-10-20,6.533801,1.065161
2010-10-21,4.6754394,0.893167
2010-10-22,3.4461563,0.8304914
2010-10-23,2.857694,0.82454854
2010-10-24,6.7569394,1.2652214
2010-10-25,6.2126336,1.2754897
2010-10-26,2.1773415,0.675585
2010-10-27,3.5120583,0.75802344
2010-10-28,6.2202587,1.1022516
2010-10-29,3.874311,0.7068862
2010-10-30,2.114379,0.68195134
2010-10-31,0.9545796,0.45576093
2010-11-01,1.6574419,0.6278142
2010-11-02,1.802253,0.4753727
2010-11-03,2.1675327,0.5718651
2010-11-04,1.3118997,0.47612557
2010-11-05,0.8108698,0.43228042
2010-11-06,0.47193992,0.40176913
2010-11-07,0.52119344,0.38436612
2010-11-08,1.0217947,0.3857455
2010-11-09,1.1823186,0.3946784
2010-11-10,1.1168872,0.4145641
2010-11-11,0.1826818,0.33011764
2010-11-12,0.75906754,0.36498338
2010-11-13,3.1535614,0.5444533
2010-11-14,2.4916115,0.41686735
2010-11-15,3.7448509,0.5506013
2010-11-16,1.8375422,0.44798803
2010-11-17,1.6093099,0.43034637
2010-11-18,1.6622016,0.4267333
2010-11-19,2.2460015,0.4790952
2010-11-20,0.58557457,0.322367
2010-11-21,0.19970267,0.28270575
2010-11-22,0.4547695,0.28919226
2010-11-23,2.610255,0.4411444
2010-11-24,1.6642786,0.43811455
2010-11-25,1.5753852,0.41165885
2010-11-26,1.0462682,0.3772119
2010-11-27,0.41058826,0.30101442
2010-11-28,0.4508091,0.27818772
2010-11-29,0.78040606,0.39909863
2010-11-30,0.6134084,0.25429684
2010-12-01,0.59759086,0.26690918
2010-12-02,0.11474449,0.23560834
2010-12-03,0.16808498,0.23120122
2010-12-04,0.04088529,0.22323467
2010-12-05,0.07271351,0.21816997
2010-12-06,0.29783738,0.22026198
2010-12-07,0.25469774,0.21713103
2010-12-08,0.4022652,0.22479941
2010-12-09,0.44480887,0.23193012
2010-12-10,0.38798288,0.22715594
2010-12-11,0.14770345,0.2007348
2010-12-12,0.3452356,0.22237499
2010-12-13,0.20527828,0.19496374
2010-12-14,0.066009074,0.18832123
2010-12-15,0.07694476,0.1881926
2010-12-16,0.06694234,0.17991786
2010-12-17,0.0036468904,0.16660444
2010-12-18,0.010746993,0.16314891
2010-12-19,0.0045414646,0.15879555
2010-12-20,0.005322585,0.15527801
2010-12-21,0.022932569,0.15257122
2010-12-22,0.027180668,0.15070653
2010-12-23,0.08219235,0.14650792
2010-12-24,0.042631,0.14325052
2010-12-25,0.2048476,0.14674515
2010-12-26,0.18078822,0.14934924
2010-12-27,0.7935795,0.1617692
2010-12-28,1.1338559,0.16315308
2010-12-29,0.4190022,0.14532638
2010-12-30,2.2273867,0.16801436
2010-12-31,0.12969828,0.14445098
2011-01-01,0.22506642,0.14505574
2011-01-02,0.22985093,0.14886872
2011-01-03,0.19138046,0.14414914
2011-01-04,0.093780026,0.1287925
2011-01-05,0.1020771,0.12130319
2011-01-06,0.049699534,0.1135127
2011-01-07,0.013211641,0.10694645
2011-01-08,0.02379332,0.10772034
2011-01-09,0.0072339685,0.10273384
2011-01-10,0.0066299117,0.10068634
2011-01-11,0.0047940053,0.098477796
2011-01-12,0.004883487,0.0966248
2011-01-13,0.025474116,0.0962925
2011-01-14,0.08568282,0.103190504
2011-01-15,0.095296465,0.10248225
2011-01-16,0.07675179,0.09007677
2011-01-17,0.004557842,0.087931834
2011-01-18,0.0028952016,0.0862953
2011-01-19,0.0036877147,0.08461142
2011-01-20,0.0070720958,0.08320939
2011-01-21,0.009879952,0.08198692
2011-01-22,0.008382745,0.08066926
2011-01-23,0.00721593,0.07927578
2011-01-24,0.04275822,0.0805392
2011-01-25,0.02575443,0.07762975
2011-01-26,0.05145189,0.08028618
2011-01-27,0.010351805,0.074476905
2011-01-28,0.03254811,0.07455025
2011-01-29,0.032786176,0.073489174
2011-01-30,0.027595794,0.07192622
2011-01-31,0.17273824,0.07543402
2011-02-01,0.49715245,0.08315729
2011-02-02,0.2149356,0.08100393
2011-02-03,0.21930474,0.07353724
2011-02-04,0.014452272,0.06404488
2011-02-05,0.054549318,0.06520647
2011-02-06,0.14899607,0.06435498
2011-02-07,0.53522706,0.07834478
2011-02-08,0.4505895,0.0640787
2011-02-09,0.063215695,0.059383433
2011-02-10,0.12538041,0.058898408
2011-02-11,0.07961947,0.057614107
2011-02-12,0.09046401,0.056966968
2011-02-13,0.11412809,0.056051392
2011-02-14,0.007122651,0.0543395
2011-02-15,0.000507218,0.053292308
2011-02-16,0.008723343,0.05286223
2011-02-17,0.009453434,0.051802576
2011-02-18,0.108114816,0.053027663
2011-02-19,0.038014293,0.05037468
2011-02-20,0.5684597,0.060266737
2011-02-21,0.30509794,0.051904637
2011-02-22,0.23752376,0.05163679
2011-02-23,0.9791617,0.072776884
2011-02-24,0.62746596,0.055828396
2011-02-25,0.74610484,0.05762229
2011-02-26,1.2674549,0.06505113
2011-02-27,0.6010935,0.060903903
2011-02-28,0.17870143,0.05058924
2011-03-01,0.2806259,0.051423408
2011-03-02,0.26071408,0.04802657
2011-03-03,0.2625557,0.04955926
2011-03-04,0.46283466,0.056138616
2011-03-05,0.2604281,0.04988063
2011-03-06,0.46507832,0.051582314
2011-03-07,0.36040652,0.06430715
2011-03-08,0.0819258,0.04137292
2011-03-09,0.12800573,0.047697958
2011-03-10,0.24194656,0.053889718
2011-03-11,0.2952657,0.054974888
2011-03-12,0.21223573,0.048856467
2011-03-13,0.18243733,0.048031434
2011-03-14,0.7226046,0.082786195
2011-03-15,1.3965685,0.098503016
2011-03-16,0.8704467,0.07841811
2011-03-17,0.706737,0.06402114
2011-03-18,0.19832699,0.043028798
2011-03-19,1.8923756,0.092720024
2011-03-20,1.1287327,0.08535943
2011-03-21,2.8956513,0.12952158
2011-03-22,1.0699364,0.09027667
2011-03-23,1.277156,0.078482084
2011-03-24,1.4595656,0.08158057
2011-03-25,2.4225113,0.16369566
2011-03-26,1.344156,0.12615097
2011-03-27,0.12677294,0.037411187
2011-03-28,0.27731606,0.065399915
2011-03-29,0.10042917,0.030909207
2011-03-30,1.0338117,0.08563013
2011-03-31,0.7797788,0.06685962
2011-04-01,0.8170117,0.065542564
2011-04-02,0.2457221,0.031327896
2011-04-03,2.186031,0.08008206
2011-04-04,3.2237172,0.17814377
2011-04-05,2.4653013,0.15352519
2011-04-06,1.5450027,0.09816781
2011-04-07,2.160231,0.11396017
2011-04-08,2.1178727,0.12762551
2011-04-09,1.5914726,0.12709431
2011-04-10,0.7189945,0.061575484
2011-04-11,1.0758445,0.095577136
2011-04-12,2.443564,0.18699683
2011-04-13,1.8643458,0.1259822
2011-04-14,2.5413477,0.17049979
2011-04-15,1.8471148,0.13832064
2011-04-16,2.1976025,0.18583606
2011-04-17,0.86998713,0.065887794
2011-04-18,0.53075725,0.046191495
2011-04-19,1.915012,0.13409366
2011-04-20,1.9639649,0.20050314
2011-04-21,3.093073,0.1613002
2011-04-22,1.7698979,0.15707512
2011-04-23,1.159246,0.098554336
2011-04-24,1.7699716,0.13283831
2011-04-25,3.889743,0.32752967
2011-04-26,1.1217047,0.13955177
2011-04-27,4.73749,0.30221638
2011-04-28,2.1176388,0.15539028
2011-04-29,1.0108277,0.11779124
2011-04-30,3.1194434,0.22846326
2011-05-01,4.9159465,0.4021172
2011-05-02,2.2046082,0.23964201
2011-05-03,1.1502584,0.26077583
2011-05-04,0.74591905,0.09436451
2011-05-05,2.6990638,0.19314824
2011-05-06,1.1006513,0.13704036
2011-05-07,0.43809015,0.103658445
2011-05-08,1.517482,0.15817927
2011-05-09,5.424491,0.3965544
2011-05-10,5.5055747,0.5297101
2011-05-11,2.7617593,0.25155023
2011-05-12,2.5031142,0.22363058
2011-05-13,2.2980514,0.22355546
2011-05-14,2.610267,0.21192735
2011-05-15,4.3458395,0.35453627
2011-05-16,4.1857452,0.5177641
2011-05-17,0.95852643,0.13400704
2011-05-18,2.1960104,0.23870495
2011-05-19,1.2699085,0.18585186
2011-05-20,1.4617561,0.1899471
2011-05-21,2.9721315,0.26935878
2011-05-22,3.47125,0.24449962
2011-05-23,4.186993,0.2780312
2011-05-24,10.9634075,0.6057269
2011-05-25,6.0842867,0.40775844
2011-05-26,2.4571412,0.30952024
2011-05-27,2.6199896,0.279953
2011-05-28,7.268487,0.4320877
2011-05-29,9.517767,0.7130903
2011-05-30,2.9332442,0.34339634
2011-05-31,3.562704,0.34884945
2011-06-01,3.2065048,0.3638397
2011-06-02,0.9587012,0.20798466
2011-06-03,2.6985023,0.28985286
2011-06-04,1.9041793,0.3026333
2011-06-05,3.5300403,0.3667744
2011-06-06,6.358905,0.60391796
2011-06-07,1.8755387,0.26625827
2011-06-08,0.96399575,0.23674028
2011-06-09,1.872169,0.33991855
2011-06-10,9.01417,0.68454075
2011-06-11,8.780872,1.020212
2011-06-12,1.5354817,0.20909938
2011-06-13,1.1090597,0.19866842
2011-06-14,1.6496245,0.27677265
2011-06-15,1.5890245,0.20429862
2011-06-16,1.7034081,0.25108385
2011-06-17,3.1964457,0.38470602
2011-06-18,3.8052871,0.3966851
2011-06-19,3.932869,0.37573037
2011-06-20,4.7135363,0.4179576
2011-06-21,3.2711494,0.46724796
2011-06-22,3.189833,0.40892714
2011-06-23,5.0931296,0.5338349
2011-06-24,3.1935155,0.33017805
2011-06-25,1.7160517,0.31301856
2011-06-26,1.9628398,0.31219554
2011-06-27,6.9264574,0.6174175
2011-06-28,7.355488,0.5990278
2011-06-29,1.8475525,0.3347506
2011-06-30,1.9220827,0.32986987
2011-07-01,2.0901845,0.2576391
2011-07-02,1.5146736,0.226634
2011-07-03,3.2818508,0.323865
2011-07-04,4.5897384,0.5038145
2011-07-05,3.2986977,0.4030048
2011-07-06,1.8787462,0.27796152
2011-07-07,4.6510854,0.43456325
2011-07-08,5.652646,0.4433521
2011-07-09,2.2239857,0.30891925
2011-07-10,4.545256,0.45022684
2011-07-11,7.5570254,0.7828895
2011-07-12,5.9413123,0.4224916
2011-07-13,4.3945074,0.39694262
2011-07-14,1.8745437,0.33420944
2011-07-15,3.0772169,0.39048383
2011-07-16,2.0727038,0.31255868
2011-07-17,5.1992326,0.6443994
2011-07-18,3.1410427,0.3119431
2011-07-19,1.6290934,0.22498965
2011-07-20,3.1093829,0.44620425
2011-07-21,8.461142,0.6340314
2011-07-22,3.982708,0.39863455
2011-07-23,2.1948917,0.26878282
2011-07-24,3.8801048,0.2856506
2011-07-25,5.7092595,0.46366456
2011-07-26,4.870929,0.36673358
2011-07-27,2.7157388,0.32971165
2011-07-28,8.087226,0.6676011
2011-07-29,9.46455,1.2810282
2011-07-30,4.7410545,0.4762832
2011-07-31,2.5064187,0.2989636
2011-08-01,5.2388515,0.48487645
2011-08-02,4.2938256,0.7457732
2011-08-03,9.321272,0.81543165
2011-08-04,7.003892,0.75577
2011-08-05,3.4831464,0.466572
2011-08-06,4.5934806,0.46109098
2011-08-07,9.385636,0.8470594
2011-08-08,7.3923545,0.74320745
2011-08-09,3.952128,0.44118166
2011-08-10,4.2471766,0.42046037
2011-08-11,5.9889283,0.6014461
2011-08-12,6.607307,0.74997735
2011-08-13,5.377434,0.5565718
2011-08-14,4.500193,0.5434612
2011-08-15,6.977497,0.937503
2011-08-16,8.188251,1.1397393
2011-08-17,3.9260836,0.57309884
2011-08-18,4.969905,0.5804945
2011-08-19,3.6980157,0.46718588
2011-08-20,4.305929,0.50942725
2011-08-21,3.7349603,0.5266625
2011-08-22,2.1130807,0.4262508
2011-08-23,8.676092,1.0448967
2011-08-24,7.0530972,1.0468426
2011-08-25,2.2220764,0.44934636
2011-08-26,8.114555,0.778572
2011-08-27,8.734777,1.085575
2011-08-28,4.2341104,0.6149043
2011-08-29,4.296157,0.6496377
2011-08-30,5.7008924,0.5605415
2011-08-31,7.072754,0.86801064
2011-09-01,4.0013022,0.6449838
2011-09-02,6.612648,0.84008986
2011-09-03,5.1794376,0.6578238
2011-09-04,5.0643134,0.7749611
2011-09-05,3.269824,0.55355173
2011-09-06,5.851964,0.6943549
2011-09-07,7.9326043,0.9372392
2011-09-08,3.3253298,0.46940288
2011-09-09,2.9528093,0.42975727
2011-09-10,7.306814,1.0326562
2011-09-11,5.0209293,0.7336848
2011-09-12,4.9535418,0.7709899
2011-09-13,7.077698,1.0859778
2011-09-14,6.7623835,0.8714083
2011-09-15,3.9493754,0.5688595
2011-09-16,4.2857018,0.70116985
2011-09-17,9.251646,1.3086863
2011-09-18,4.4023438,0.9182947
2011-09-19,2.7030315,0.7220039
2011-09-20,1.460042,0.47510934
2011-09-21,1.6650425,0.4939721
2011-09-22,3.3573847,0.50905
2011-09-23,3.8263035,0.507206
2011-09-24,2.9891744,0.6814595
2011-09-25,3.3099256,0.6136554
2011-09-26,6.2296143,0.9026211
2011-09-27,1.5929796,0.45694658
2011-09-28,2.3408048,0.4672425
2011-09-29,6.0066695,1.0701828
2011-09-30,6.1920557,0.90285736
2011-10-01,1.6600708,0.3856441
2011-10-02,4.038048,0.6345995
2011-10-03,4.1307406,0.5855133
2011-10-04,5.5460315,0.8408583
2011-10-05,2.297985,0.42354718
2011-10-06,3.552349,0.58165497
2011-10-07,7.431657,0.9210098
2011-10-08,5.7163305,1.0398315
2011-10-09,3.016392,0.5805185
2011-10-10,1.631982,0.44015086
2011-10-11,2.2294936,0.4565698
2011-10-12,2.0246053,0.42427078
2011-10-13,4.966398,0.68443626
2011-10-14,7.0429173,0.8343945
2011-10-15,3.4071414,0.55183494
2011-10-16,6.683673,0.86972404
2011-10-17,6.05914,0.9956443
2011-10-18,6.2173333,0.7767883
2011-10-19,6.0904503,0.9887856
2011-10-20,2.3191087,0.5013706
2011-10-21,2.6497474,0.47653833
2011-10-22,5.111365,1.0247146
2011-10-23,6.4182467,1.4255929
2011-10-24,4.6022377,0.82111716
2011-10-25,2.2952268,0.548273
2011-10-26,4.0851192,0.79144406
2011-10-27,5.5131497,1.1003115
2011-10-28,2.8137639,0.5810455
2011-10-29,2.7271254,0.8402331
2011-10-30,2.403667,0.710525
2011-10-31,4.3119173,0.8344087
2011-11-01,1.8846574,0.523167
2011-11-02,1.8529775,0.5245605
2011-11-03,2.6933305,0.67444193
2011-11-04,2.4882014,0.6607846
2011-11-05,3.8593833,0.72574204
2011-11-06,1.5385618,0.5247467
2011-11-07,0.7467263,0.42175013
2011-11-08,2.8839831,0.64362836
2011-11-09,2.3387809,0.68712556
2011-11-10,2.5265226,0.668447
2011-11-11,1.6127964,0.5500759
2011-11-12,2.1950207,0.5590227
2011-11-13,1.9853059,0.5721559
2011-11-14,0.77216977,0.41227433
2011-11-15,1.6071887,0.49664643
2011-11-16,1.581267,0.5137231
2011-11-17,0.71033853,0.39915046
2011-11-18,1.3059037,0.4278326
2011-11-19,2.1835015,0.60103935
2011-11-20,1.9570163,0.54398435
2011-11-21,0.47613412,0.35842618
2011-11-22,0.43096942,0.3473682
2011-11-23,0.41096857,0.33184302
2011-11-24,1.2933307,0.37636822
2011-11-25,0.96483314,0.36174342
2011-11-26,0.23227525,0.30430055
2011-11-27,0.044195615,0.28514794
2011-11-28,0.39280513,0.29878417
2011-11-29,0.31346762,0.28175023
2011-11-30,0.47841245,0.28016096
2011-12-01,0.37424314,0.2672537
2011-12-02,0.16127895,0.2448745
2011-12-03,0.21267958,0.2351543
2011-12-04,0.5567526,0.24539727
2011-12-05,0.20017359,0.22697105
2011-12-06,0.18325904,0.22194368
2011-12-07,0.0917177,0.20849076
2011-12-08,0.08225477,0.19399595
2011-12-09,0.04323743,0.18913074
2011-12-10,0.065817535,0.1842196
2011-12-11,0.043885157,0.17933159
2011-12-12,0.12448914,0.18855907
2011-12-13,0.16089539,0.18476371
2011-12-14,0.08669536,0.16647895
2011-12-15,0.06522107,0.16014002
2011-12-16,0.11971793,0.15339167
2011-12-17,0.46245894,0.17506522
2011-12-18,0.41696456,0.17456798
2011-12-19,0.11408655,0.14351921
2011-12-20,0.06040309,0.14180388
2011-12-21,0.032105215,0.13791749
2011-12-22,0.029836858,0.13418268
2011-12-23,0.054014802,0.13240242
2011-12-24,0.06305073,0.13524386
2011-12-25,0.044037774,0.1264073
2011-12-26,0.005980046,0.115854464
2011-12-27,0.011369565,0.11337082
2011-12-28,0.008184794,0.11066894
2011-12-29,0.01470054,0.11082298
2011-12-30,0.041293766,0.11413284
2011-12-31,0.004772644,0.10256799
2012-01-01,0.014834406,0.100144826
2012-01-02,0.04802811,0.09802813
2012-01-03,0.009627174,0.09544089
2012-01-04,0.00923246,0.0933185
2012-01-05,0.0006470175,0.09114758
2012-01-06,0.0005748629,0.0892267
2012-01-07,0.0030008224,0.08732937
2012-01-08,0.0025757276,0.08552854
2012-01-09,0.009573532,0.08403822
2012-01-10,0.012420552,0.08293205
2012-01-11,0.035063077,0.08324742
2012-01-12,0.08914292,0.09033157
2012-01-13,0.09321277,0.08717125
2012-01-14,0.0061193705,0.07607665
2012-01-15,0.0019142317,0.07439621
2012-01-16,0.04685038,0.07929263
2012-01-17,0.0046762796,0.07179414
2012-01-18,0.014649985,0.07296249
2012-01-19,0.014485976,0.071751766
2012-01-20,0.002065424,0.067535356
2012-01-21,0.00019510211,0.0661567
2012-01-22,5.5065317e-05,0.06489281
2012-01-23,0.0011008315,0.06376303
2012-01-24,0.0012228298,0.062495813
2012-01-25,0.0013457774,0.06139795
2012-01-26,0.023592876,0.0628427
2012-01-27,0.0040202425,0.059391145
2012-01-28,0.004855242,0.0587004
2012-01-29,0.00080010854,0.057245206
2012-01-30,0.0022037993,0.056363147
2012-01-31,0.01532406,0.055686105
2012-02-01,0.29740018,0.05667111
2012-02-02,0.66941106,0.06551693
2012-02-03,0.08373275,0.05317482
2012-02-04,0.0043916963,0.05161519
2012-02-05,0.00082241953,0.05072738
2012-02-06,0.012040791,0.049970347
2012-02-07,0.011608813,0.049055837
2012-02-08,0.18578777,0.049812634
2012-02-09,0.07581284,0.048417486
2012-02-10,0.1673264,0.04807855
2012-02-11,0.28958255,0.049446993
2012-02-12,0.13047728,0.046273734
2012-02-13,0.22390983,0.049125087
2012-02-14,0.48331326,0.051057298
2012-02-15,0.63708377,0.052260663
2012-02-16,0.95728725,0.067802966
2012-02-17,2.0056055,0.2586629
2012-02-18,0.87430173,0.16600128
2012-02-19,1.1103492,0.09150668
2012-02-20,0.25244004,0.055996206
2012-02-21,0.035118144,0.0414932
2012-02-22,0.11121984,0.045508932
2012-02-23,0.2836429,0.046589885
2012-02-24,0.93494993,0.076446325
2012-02-25,0.37015262,0.043545626
2012-02-26,1.3854169,0.062126733
2012-02-27,0.075353324,0.039053652
2012-02-28,0.017729608,0.035900567
2012-02-29,0.039685242,0.035240732
2012-03-01,0.2588426,0.03684166
2012-03-02,0.18128309,0.040392783
2012-03-03,0.6242985,0.056855414
2012-03-04,0.18804948,0.046307795
2012-03-05,0.12292003,0.04059275
2012-03-06,0.1403876,0.034393866
2012-03-07,0.1126316,0.03572386
2012-03-08,0.034328006,0.03420648
2012-03-09,0.84137404,0.042685706
2012-03-10,0.15214856,0.031686295
2012-03-11,0.5620904,0.03696639
2012-03-12,1.4561247,0.051682122
2012-03-13,1.7628007,0.07269916
2012-03-14,0.7665778,0.035477016
2012-03-15,0.3272355,0.03417046
2012-03-16,0.15265459,0.030154431
2012-03-17,0.12889248,0.028347008
2012-03-18,0.019715045,0.027939834
2012-03-19,0.026822506,0.02769382
2012-03-20,0.13325071,0.035702024
2012-03-21,0.14207563,0.040503625
2012-03-22,0.21893091,0.046852395
2012-03-23,0.1918217,0.038517773
2012-03-24,0.6883174,0.055943456
2012-03-25,0.54427385,0.05378968
2012-03-26,0.936015,0.057754144
2012-03-27,1.0541282,0.07478487
2012-03-28,0.20000863,0.038250815
2012-03-29,0.37465778,0.03467501
2012-03-30,0.6556968,0.057280507
2012-03-31,0.98549354,0.06105118
2012-04-01,0.5438706,0.03691453
2012-04-02,0.39155474,0.027096407
2012-04-03,0.08191108,0.022179335
2012-04-04,0.15278631,0.025137436
2012-04-05,0.944308,0.08121588
2012-04-06,1.4523779,0.07221958
2012-04-07,0.7472606,0.05848352
2012-04-08,0.4665008,0.054941773
2012-04-09,0.83889353,0.047708284
2012-04-10,1.0987183,0.04527081
2012-04-11,0.49359602,0.035221983
2012-04-12,1.9867388,0.0882138
2012-04-13,2.2729716,0.12620603
2012-04-14,1.3044523,0.10865324
2012-04-15,2.4194093,0.11639402
2012-04-16,2.3389106,0.15123713
2012-04-17,2.3929892,0.15061854
2012-04-18,4.54919,0.27103856
2012-04-19,1.125325,0.055053093
2012-04-20,5.940703,0.28201428
2012-04-21,5.928745,0.3293663
2012-04-22,1.703545,0.16281402
2012-04-23,3.8807275,0.30474237
2012-04-24,6.1358695,0.46538618
2012-04-25,0.7608985,0.10645941
2012-04-26,0.79503256,0.11565272
2012-04-27,4.628725,0.37386924
2012-04-28,2.187614,0.23204726
2012-04-29,1.1458619,0.16723135
2012-04-30,0.57554436,0.06466163
2012-05-01,1.2319942,0.15729621
2012-05-02,2.883193,0.22171943
2012-05-03,2.2210004,0.22987135
2012-05-04,1.9352111,0.15931216
2012-05-05,3.1212523,0.22206858
2012-05-06,2.8743846,0.24565767
2012-05-07,4.605451,0.2644876
2012-05-08,4.244079,0.24757439
2012-05-09,3.4713676,0.2280155
2012-05-10,3.698018,0.20157431
2012-05-11,4.6148696,0.40635282
2012-05-12,2.8530586,0.26529115
2012-05-13,5.7548738,0.35625482
2012-05-14,4.346559,0.33222294
2012-05-15,6.2784805,0.5229657
2012-05-16,3.2681415,0.34804937
2012-05-17,4.1999707,0.38214928
2012-05-18,2.6745944,0.24333957
2012-05-19,3.7217493,0.31750798
2012-05-20,2.6392314,0.32140723
2012-05-21,1.2815121,0.22917768
2012-05-22,3.1200068,0.29636627
2012-05-23,4.718032,0.45850113
2012-05-24,2.7007318,0.20240965
2012-05-25,5.6718845,0.3966877
2012-05-26,5.165446,0.3645116
2012-05-27,3.738229,0.3487271
2012-05-28,4.4175487,0.3957161
2012-05-29,2.466448,0.23116247
2012-05-30,0.5513443,0.09928799
2012-05-31,1.3589036,0.15560865
2012-06-01,3.1974168,0.24246885
2012-06-02,3.55125,0.27806678
2012-06-03,3.970687,0.3214978
2012-06-04,2.0895028,0.20132355
2012-06-05,5.4082074,0.46155924
2012-06-06,5.8751473,0.42568398
2012-06-07,4.6705937,0.49533176
2012-06-08,1.110229,0.14444795
2012-06-09,2.6453333,0.23889281
2012-06-10,3.088288,0.30185774
2012-06-11,2.0220268,0.21082658
2012-06-12,1.6305206,0.20373444
2012-06-13,2.3740082,0.19639839
2012-06-14,2.8284905,0.26485658
2012-06-15,4.3514485,0.3517784
2012-06-16,5.851777,0.38383254
2012-06-17,5.359116,0.3609408
2012-06-18,3.822799,0.29123405
2012-06-19,2.4793112,0.30215243
2012-06-20,2.806784,0.23288439
2012-06-21,7.777688,0.40254182
2012-06-22,4.23722,0.31070688
2012-06-23,4.715528,0.3657136
2012-06-24,6.5894594,0.55288833
2012-06-25,4.369463,0.46918476
2012-06-26,1.6389252,0.27374807
2012-06-27,2.6475263,0.35993883
2012-06-28,5.752299,0.51919067
2012-06-29,6.623447,0.5221576
2012-06-30,3.8535588,0.40177208
2012-07-01,6.3246274,0.66347206
2012-07-02,6.186159,0.67200065
2012-07-03,3.4888253,0.358385
2012-07-04,2.8900962,0.39715338
2012-07-05,5.1618576,0.42081058
2012-07-06,6.452703,0.5151899
2012-07-07,3.4568067,0.39123517
2012-07-08,2.3399298,0.3471225
2012-07-09,3.1281333,0.36279723
2012-07-10,5.692008,0.5029073
2012-07-11,5.0743732,0.4387487
2012-07-12,10.832219,1.5302427
2012-07-13,4.8771977,0.6404444
2012-07-14,2.4914484,0.4449559
2012-07-15,5.101848,0.532792
2012-07-16,4.213768,0.5823701
2012-07-17,10.072359,1.1662339
2012-07-18,8.917799,1.0600665
2012-07-19,2.1576092,0.45908132
2012-07-20,1.8558148,0.41711137
2012-07-21,3.3323066,0.4764764
2012-07-22,7.1088934,0.81798697
2012-07-23,7.241333,0.7758816
2012-07-24,4.9946265,0.68290985
2012-07-25,5.1439247,0.7309001
2012-07-26,6.1106563,0.7187632
2012-07-27,4.1038356,0.55992585
2012-07-28,5.5324903,0.6716121
2012-07-29,4.682912,0.55772847
2012-07-30,8.256119,0.8158856
2012-07-31,7.2449007,0.90094554
2012-08-01,5.585621,0.81682265
2012-08-02,4.5303516,0.554362
2012-08-03,6.2932754,0.69894844
2012-08-04,5.0636744,0.56647605
2012-08-05,4.247435,0.54066855
2012-08-06,9.301807,1.1721672
2012-08-07,5.7071314,0.70606047
2012-08-08,4.9360795,0.5607206
2012-08-09,5.4658837,0.6542881
2012-08-10,6.9059067,0.89323014
2012-08-11,6.8142037,0.8081459
2012-08-12,6.345197,0.74997896
2012-08-13,2.1953871,0.4246223
2012-08-14,4.510276,0.498125
2012-08-15,9.5202675,1.0824583
2012-08-16,5.124515,0.71528053
2012-08-17,5.9339128,0.82093936
2012-08-18,7.2154274,1.0317696
2012-08-19,2.3547597,0.47229025
2012-08-20,4.1535826,0.5675444
2012-08-21,8.136603,1.4130669
2012-08-22,3.9239042,0.5328634
2012-08-23,2.884618,0.46857178
2012-08-24,6.512388,0.78989697
2012-08-25,5.471179,0.70839024
2012-08-26,5.8068447,0.92070633
2012-08-27,2.0260067,0.45087838
2012-08-28,3.1994624,0.5300141
2012-08-29,5.2770467,0.5942587
2012-08-30,6.817223,1.0526297
2012-08-31,5.0189276,0.7293877
2012-09-01,5.2922716,0.621346
2012-09-02,5.446201,0.79738003
2012-09-03,4.99586,0.65168196
2012-09-04,7.7452374,1.118326
2012-09-05,4.799761,0.75590914
2012-09-06,6.024613,0.8709443
2012-09-07,5.8328705,0.81920147
2012-09-08,1.8004068,0.53070825
2012-09-09,4.4039135,0.6805156
2012-09-10,8.651532,1.1600912
2012-09-11,5.681572,0.9026347
2012-09-12,5.2042212,0.7498118
2012-09-13,7.373598,1.1338537
2012-09-14,10.059519,2.0316105
2012-09-15,3.6054225,0.7911006
2012-09-16,3.1151273,0.6313967
2012-09-17,3.5045848,0.72390014
2012-09-18,2.2662082,0.5831025
2012-09-19,2.7900212,0.5348308
2012-09-20,2.7456284,0.5529424
2012-09-21,2.7276473,0.5171082
2012-09-22,5.2050633,0.8484314
2012-09-23,4.351125,0.69300777
2012-09-24,2.2871509,0.53688174
2012-09-25,3.5975547,0.5646827
2012-09-26,8.195861,1.0944167
2012-09-27,7.70344,1.1099728
2012-09-28,2.395626,0.8219195
2012-09-29,2.568296,0.62487155
2012-09-30,6.4537716,0.8929747
2012-10-01,4.0560293,0.72965723
2012-10-02,3.2041657,0.57037866
2012-10-03,4.4056673,0.8020465
2012-10-04,2.6937,0.6620635
2012-10-05,2.7153273,0.5039369
2012-10-06,3.278951,0.4888141
2012-10-07,2.5369344,0.5067175
2012-10-08,3.2247868,0.5153415
2012-10-09,5.530652,0.7728365
2012-10-10,2.3971527,0.49469894
2012-10-11,5.1002526,0.71568686
2012-10-12,8.833407,1.1195599
2012-10-13,4.0041456,0.85053915
2012-10-14,1.741792,0.43991873
2012-10-15,3.2666106,0.81863344
2012-10-16,1.6894962,0.35701382
2012-10-17,0.6790866,0.3293836
2012-10-18,1.030741,0.34243104
2012-10-19,2.2748773,0.48458022
2012-10-20,2.222968,0.39423206
2012-10-21,4.2309256,0.7354088
2012-10-22,4.236594,0.6046462
2012-10-23,2.018419,0.48057246
2012-10-24,6.0009317,1.1248035
2012-10-25,9.710212,1.9089155
2012-10-26,1.9828328,0.9060959
2012-10-27,0.8506274,0.43188682
2012-10-28,2.343421,0.53784484
2012-10-29,1.9307618,0.56183654
2012-10-30,5.4834657,1.0360838
2012-10-31,8.073457,1.3383417
2012-11-01,4.307324,0.75790924
2012-11-02,4.112531,0.9322781
2012-11-03,2.9255202,0.6180818
2012-11-04,3.462339,0.7102299
2012-11-05,4.5964813,0.8282786
2012-11-06,1.8492421,0.6556584
2012-11-07,3.2478135,0.6928329
2012-11-08,6.2703304,1.156132
2012-11-09,1.6505073,0.6157174
2012-11-10,0.6633873,0.43956366
2012-11-11,0.66305166,0.44052264
2012-11-12,0.28267047,0.42375904
2012-11-13,1.1486089,0.46758524
2012-11-14,2.7583385,0.58702403
2012-11-15,2.3860724,0.60299855
2012-11-16,1.9798819,0.497311
2012-11-17,1.124318,0.44143787
2012-11-18,0.7746798,0.41953605
2012-11-19,0.9772566,0.40883547
2012-11-20,0.516643,0.35278454
2012-11-21,0.6184761,0.36289337
2012-11-22,0.27934518,0.31704947
2012-11-23,0.6205748,0.3306225
2012-11-24,0.31047535,0.3011099
2012-11-25,0.15876138,0.30531582
2012-11-26,0.08415926,0.27557853
2012-11-27,0.706469,0.30525124
2012-11-28,1.0391927,0.3309549
2012-11-29,0.30548647,0.28192684
2012-11-30,0.31331262,0.2702841
2012-12-01,0.067375265,0.24157274
2012-12-02,0.05521437,0.2314892
2012-12-03,0.122688375,0.22784248
2012-12-04,0.26225045,0.22613984
2012-12-05,0.6791316,0.23977765
2012-12-06,0.55091405,0.23192194
2012-12-07,1.6563264,0.2628017
2012-12-08,1.0427593,0.25051194
2012-12-09,1.3907089,0.27948555
2012-12-10,0.21810043,0.19119276
2012-12-11,0.04981892,0.18125176
2012-12-12,0.009286813,0.17610091
2012-12-13,0.042229164,0.1714115
2012-12-14,0.13317665,0.16908732
2012-12-15,0.40140623,0.18012826
2012-12-16,0.47811744,0.18730824
2012-12-17,0.25638816,0.1662353
2012-12-18,0.62360305,0.17842978
2012-12-19,0.53244054,0.18703647
2012-12-20,0.2596109,0.16328551
2012-12-21,0.2715781,0.16240472
2012-12-22,0.30378586,0.16264099
2012-12-23,0.36595246,0.15373975
2012-12-24,0.42823347,0.16281663
2012-12-25,0.1983861,0.13577516
2012-12-26,0.14354578,0.13794218
2012-12-27,0.0709208,0.12632957
2012-12-28,0.12321766,0.13311861
2012-12-29,0.14981517,0.13048439
2012-12-30,0.057927527,0.12178763
2012-12-31,0.026232215,0.11706667
2013-01-01,0.012190322,0.11237727
2013-01-02,0.004519866,0.10933764
2013-01-03,0.0041726218,0.10721205
2013-01-04,0.0053339778,0.10498998
2013-01-05,0.005331367,0.102752954
2013-01-06,0.018393952,0.10110076
2013-01-07,0.13999598,0.10109873
2013-01-08,0.7590633,0.13311899
2013-01-09,1.4394532,0.19992104
2013-01-10,0.32302096,0.12434626
2013-01-11,0.19348979,0.10963481
2013-01-12,0.09278814,0.09882587
2013-01-13,0.108207144,0.095214106
2013-01-14,0.009123041,0.086773925
2013-01-15,0.024572661,0.08663721
2013-01-16,0.018397037,0.08445785
2013-01-17,0.05809011,0.08724648
2013-01-18,0.1521552,0.08993673
2013-01-19,0.3897224,0.0918642
2013-01-20,0.03610457,0.08246186
2013-01-21,0.004134408,0.07593649
2013-01-22,0.020183574,0.07464935
2013-01-23,0.01425361,0.07299454
2013-01-24,0.14091903,0.072761334
2013-01-25,0.2525172,0.073477186
2013-01-26,0.33185565,0.073508166
2013-01-27,0.22718929,0.069858186
2013-01-28,0.17519885,0.06888541
2013-01-29,0.85085523,0.07378694
2013-01-30,1.570644,0.09979295
2013-01-31,0.93246615,0.08968158
2013-02-01,0.6691461,0.08231078
2013-02-02,0.0586626,0.0649226
2013-02-03,0.029382095,0.06573553
2013-02-04,0.029045768,0.062632225
2013-02-05,0.03287328,0.06132757
2013-02-06,0.079575084,0.069212474
2013-02-07,0.113248706,0.06513348
2013-02-08,0.0765142,0.06255218
2013-02-09,0.0087494515,0.055019863
2013-02-10,0.22242685,0.05608248
2013-02-11,0.092655465,0.053956296
2013-02-12,0.02733708,0.052830778
2013-02-13,0.79953253,0.073422834
2013-02-14,0.67825663,0.0756642
2013-02-15,0.21950792,0.055678748
2013-02-16,0.07870424,0.055111717
2013-02-17,0.010527919,0.048870232
2013-02-18,0.28384057,0.054803994
2013-02-19,0.15072872,0.051194604
2013-02-20,0.1887518,0.050913107
2013-02-21,0.09257785,0.047799304
2013-02-22,0.0069441637,0.044902205
2013-02-23,0.06943357,0.048985466
2013-02-24,0.019557681,0.043598678
2013-02-25,0.00096198154,0.042827763
2013-02-26,0.049432278,0.042614028
2013-02-27,0.025084626,0.041728355
2013-02-28,0.08785125,0.044296604
2013-03-01,0.32097098,0.044715527
2013-03-02,0.40310943,0.04706198
2013-03-03,0.10688249,0.040647164
2013-03-04,0.8406476,0.05250561
2013-03-05,0.7195796,0.053463794
2013-03-06,0.8406727,0.06329829
2013-03-07,0.26859865,0.043123856
2013-03-08,0.8655603,0.07312603
2013-03-09,1.01605,0.06590416
2013-03-10,1.5670186,0.1112762
2013-03-11,1.3013277,0.08923869
2013-03-12,0.88512367,0.077685885
2013-03-13,1.8489298,0.1123895
2013-03-14,1.9695994,0.110551454
2013-03-15,0.50129133,0.06912157
2013-03-16,1.5594848,0.09559784
2013-03-17,2.5931983,0.12441711
2013-03-18,1.2369037,0.09113963
2013-03-19,0.73020643,0.051917516
2013-03-20,1.3711671,0.09267421
2013-03-21,0.94344354,0.07222801
2013-03-22,2.4022055,0.24580088
2013-03-23,1.5273216,0.12703034
2013-03-24,1.5087699,0.1203958
2013-03-25,1.9587504,0.15158306
2013-03-26,1.4557165,0.14178786
2013-03-27,1.0314603,0.12955113
2013-03-28,1.4145797,0.12021293
2013-03-29,0.79912287,0.07193156
2013-03-30,1.4738116,0.123565026
2013-03-31,2.2296891,0.121484414
2013-04-01,0.34713888,0.04444483
2013-04-02,0.100437954,0.032635577
2013-04-03,1.279822,0.10796244
2013-04-04,0.79871744,0.061317727
2013-04-05,1.2228583,0.082530804
2013-04-06,3.0828257,0.22872755
2013-04-07,2.2124138,0.19422972
2013-04-08,0.8996975,0.09527344
2013-04-09,1.9780188,0.20271145
2013-04-10,1.7610638,0.17867105
2013-04-11,1.3212374,0.12523693
2013-04-12,1.5084875,0.17344032
2013-04-13,0.18250094,0.05323807
2013-04-14,0.79222804,0.084355675
2013-04-15,0.78844154,0.08250161
2013-04-16,2.0313277,0.14174476
2013-04-17,1.5094773,0.18697962
2013-04-18,1.0537,0.12811385
2013-04-19,1.6794858,0.10159812
2013-04-20,3.1110184,0.25334328
2013-04-21,1.6535141,0.16456696
2013-04-22,1.384854,0.14588921
2013-04-23,1.1490355,0.10452263
2013-04-24,2.657255,0.332079
2013-04-25,2.905441,0.3915867
2013-04-26,1.1039673,0.1687263
2013-04-27,2.0641704,0.16233611
2013-04-28,5.3971024,0.60855174
2013-04-29,3.9217505,0.4273452
2013-04-30,1.9820262,0.2606468
2013-05-01,2.4868498,0.25913182
2013-05-02,2.2584782,0.22840914
2013-05-03,4.8749256,0.30749172
2013-05-04,3.374019,0.27133244
2013-05-05,6.355613,0.5583337
2013-05-06,3.3056285,0.3853941
2013-05-07,2.5895388,0.35436383
2013-05-08,2.4113626,0.21896498
2013-05-09,5.562181,0.5314997
2013-05-10,3.1157966,0.3210345
2013-05-11,3.63037,0.42894125
2013-05-12,6.13301,0.49523088
2013-05-13,2.525771,0.24719319
2013-05-14,2.3739023,0.3204951
2013-05-15,1.8797837,0.27751827
2013-05-16,2.0024157,0.25073883
2013-05-17,0.94244695,0.17332485
2013-05-18,1.3856698,0.23976946
2013-05-19,3.154179,0.3482402
2013-05-20,2.5527909,0.26500705
2013-05-21,1.532553,0.18910035
2013-05-22,1.7908875,0.22365336
2013-05-23,1.9565755,0.26997918
2013-05-24,3.3019254,0.33012012
2013-05-25,1.4117577,0.1984229
2013-05-26,1.4780508,0.15431888
2013-05-27,1.7452238,0.16236898
2013-05-28,2.9950643,0.25359845
2013-05-29,2.334457,0.23310572
2013-05-30,3.48638,0.28838286
2013-05-31,1.1135118,0.18990983
2013-06-01,2.056696,0.24924651
2013-06-02,1.0850656,0.18767709
2013-06-03,2.050366,0.22737217
2013-06-04,5.8395486,0.48859942
2013-06-05,3.3216646,0.35605484
2013-06-06,1.2533987,0.21571672
2013-06-07,1.3839235,0.40528798
2013-06-08,1.364696,0.21734399
2013-06-09,2.12025,0.25519568
2013-06-10,1.912646,0.22945552
2013-06-11,4.1898975,0.30464637
2013-06-12,4.9655886,0.36158508
2013-06-13,6.2760944,0.45611468
2013-06-14,3.2854228,0.27657646
2013-06-15,0.8432463,0.18338044
2013-06-16,2.0562172,0.19835429
2013-06-17,5.0164266,0.33394098
2013-06-18,4.249251,0.26603916
2013-06-19,3.9519677,0.27885088
2013-06-20,3.056372,0.39737126
2013-06-21,4.023941,0.38715345
2013-06-22,5.2418914,0.41272488
2013-06-23,2.4654617,0.2652775
2013-06-24,2.2753837,0.27270338
2013-06-25,2.6985366,0.24126904
2013-06-26,3.1784081,0.3235041
2013-06-27,3.3626583,0.27879888
2013-06-28,3.5004547,0.28683594
2013-06-29,8.61311,0.7142344
2013-06-30,5.2975106,0.8089203
2013-07-01,1.3185318,0.2684878
2013-07-02,2.967455,0.3181463
2013-07-03,7.5163054,0.53481674
2013-07-04,5.1036863,0.59034836
2013-07-05,3.195208,0.38502797
2013-07-06,2.656912,0.3212919
2013-07-07,4.185308,0.353704
2013-07-08,5.819165,0.59421897
2013-07-09,3.1609569,0.38476914
2013-07-10,3.5258424,0.39494613
2013-07-11,6.6150765,0.50096077
2013-07-12,6.5516553,0.5903717
2013-07-13,2.361491,0.31087407
2013-07-14,3.6098037,0.4381355
2013-07-15,7.8392243,0.59716874
2013-07-16,3.3972483,0.34927762
2013-07-17,2.370442,0.27763137
2013-07-18,5.0086083,0.40834707
2013-07-19,4.379853,0.40076408
2013-07-20,1.603543,0.30574542
2013-07-21,4.2246647,0.50810426
2013-07-22,5.3076777,0.5435104
2013-07-23,2.8143485,0.34712592
2013-07-24,5.7004557,0.7164283
2013-07-25,5.0866437,0.45630968
2013-07-26,4.530711,0.49128267
2013-07-27,3.7752552,0.38238364
2013-07-28,6.278865,0.5436596
2013-07-29,5.662418,0.54691005
2013-07-30,5.411528,0.6099636
2013-07-31,6.5490746,0.58407223
2013-08-01,6.316881,0.46899712
2013-08-02,6.388788,0.6511664
2013-08-03,5.7273445,0.51589614
2013-08-04,6.4472675,0.5709381
2013-08-05,6.812815,0.7307982
2013-08-06,6.7920885,0.675767
2013-08-07,3.0744553,0.42217785
2013-08-08,2.5446336,0.35524285
2013-08-09,6.0908604,0.73335963
2013-08-10,8.412232,0.8713245
2013-08-11,3.8077157,0.50132036
2013-08-12,7.445764,0.7260964
2013-08-13,7.387547,0.94772726
2013-08-14,4.145496,0.58862406
2013-08-15,7.152855,0.65078884
2013-08-16,5.4759893,0.56429917
2013-08-17,3.1073902,0.4130345
2013-08-18,6.119301,0.71066535
2013-08-19,11.078902,1.6067301
2013-08-20,2.5134437,0.41767958
2013-08-21,6.8216114,0.794073
2013-08-22,10.163863,1.3171108
2013-08-23,3.759365,0.5500997
2013-08-24,7.4553742,1.0923666
2013-08-25,6.074046,0.87456644
2013-08-26,4.4104085,0.6114573
2013-08-27,2.2169197,0.5453954
2013-08-28,4.5329456,0.6736533
2013-08-29,5.42173,0.73639727
2013-08-30,4.1670594,0.5826682
2013-08-31,3.4783452,0.47794938
2013-09-01,11.503835,1.4236058
2013-09-02,6.0913987,1.0845231
2013-09-03,2.208498,0.50425154
2013-09-04,3.0657828,0.5372777
2013-09-05,9.9649725,1.2253073
2013-09-06,4.945112,0.63379234
2013-09-07,2.597785,0.44966432
2013-09-08,6.2884936,0.89450175
2013-09-09,4.5279284,0.68000543
2013-09-10,2.1315522,0.5154961
2013-09-11,1.2043675,0.3930433
2013-09-12,7.2403975,0.92643255
2013-09-13,3.0010128,0.56688774
2013-09-14,1.635076,0.3908732
2013-09-15,4.636282,0.5640536
2013-09-16,2.8585796,0.5332191
2013-09-17,4.1788545,0.7421567
2013-09-18,2.304326,0.5986245
2013-09-19,4.2503734,0.5527855
2013-09-20,3.6177163,0.5610085
2013-09-21,3.0154965,0.48935065
2013-09-22,2.338537,0.41784796
2013-09-23,6.3904676,0.7352945
2013-09-24,6.5927553,0.8486031
2013-09-25,3.6563628,0.88502544
2013-09-26,2.6573696,0.53660095
2013-09-27,5.332882,0.6302374
2013-09-28,6.003983,0.8457061
2013-09-29,6.363202,1.0761728
2013-09-30,2.6051652,0.5757577
2013-10-01,1.9543483,0.5354669
2013-10-02,4.8707347,0.8291276
2013-10-03,4.808712,0.70519066
2013-10-04,2.5962615,0.55653214
2013-10-05,4.607158,0.76991695
2013-10-06,5.8946757,0.9004937
2013-10-07,3.3548403,0.7689462
2013-10-08,4.605302,0.81252366
2013-10-09,5.837018,0.7977724
2013-10-10,2.9759796,0.58043885
2013-10-11,5.0629015,0.8340188
2013-10-12,9.703445,1.7981198
2013-10-13,2.985126,0.6842492
2013-10-14,0.9917755,0.46744236
2013-10-15,1.0921341,0.42477268
2013-10-16,5.0053883,0.91563344
2013-10-17,3.0248046,0.6777716
2013-10-18,1.7225456,0.75180095
2013-10-19,1.1445727,0.580451
2013-10-20,0.85580426,0.381556
2013-10-21,2.24344,0.5097813
2013-10-22,3.6597574,0.4883177
2013-10-23,3.999542,0.6474238
2013-10-24,4.605697,0.6497479
2013-10-25,2.8308113,0.5184587
2013-10-26,3.303294,0.5456933
2013-10-27,2.109709,0.42487484
2013-10-28,3.4981468,0.7011497
2013-10-29,2.1006072,0.47301087
2013-10-30,1.5461106,0.4714155
2013-10-31,0.60358876,0.34956458
2013-11-01,1.0010649,0.33815432
2013-11-02,1.1332606,0.34639907
2013-11-03,1.4613277,0.37531272
2013-11-04,3.203539,0.59888417
2013-11-05,3.5044322,0.63940537
2013-11-06,2.6657586,0.6102191
2013-11-07,4.1565123,0.66645813
2013-11-08,3.6864777,0.7309006
2013-11-09,3.3455136,0.62692267
2013-11-10,3.277818,0.71014637
2013-11-11,2.162812,0.5174172
2013-11-12,1.4866846,0.5623098
2013-11-13,0.47136837,0.36344594
2013-11-14,2.011287,0.5410242
2013-11-15,3.2690759,0.6819766
2013-11-16,3.377893,0.6978638
2013-11-17,0.9847606,0.43483385
2013-11-18,0.32064438,0.3376319
2013-11-19,0.6959043,0.35703865
2013-11-20,0.43762305,0.31060812
2013-11-21,0.31857398,0.3290283
2013-11-22,0.18982677,0.29976207
2013-11-23,0.16851221,0.2836513
2013-11-24,0.94014794,0.31210047
2013-11-25,1.0056156,0.30691805
2013-11-26,1.2094793,0.28958237
2013-11-27,0.43244955,0.25484478
2013-11-28,0.07244222,0.22677155
2013-11-29,0.02310441,0.2178607
2013-11-30,0.022144563,0.21256031
2013-12-01,0.0055568498,0.20197484
2013-12-02,0.0044894847,0.19481076
2013-12-03,0.012592393,0.1881888
2013-12-04,0.18594773,0.18337628
2013-12-05,0.39047006,0.18007617
2013-12-06,1.9625127,0.2524771
2013-12-07,0.44727755,0.17698196
2013-12-08,0.30950814,0.16646934
2013-12-09,0.026696235,0.1554129
2013-12-10,0.11114151,0.1541125
2013-12-11,0.06522107,0.14703506
2013-12-12,0.25790957,0.1502634
2013-12-13,0.4174803,0.14963864
2013-12-14,0.13680029,0.1442506
2013-12-15,0.044577036,0.13542128
2013-12-16,0.030968068,0.13070121
2013-12-17,0.016922379,0.124304555
2013-12-18,0.014627675,0.12179926
2013-12-19,0.015289883,0.11941104
2013-12-20,0.0039053652,0.11412203
2013-12-21,0.007055481,0.11157075
2013-12-22,0.015496614,0.11136545
2013-12-23,0.009730421,0.106143504
2013-12-24,0.0018959559,0.10280683
2013-12-25,0.008583306,0.101057075
2013-12-26,0.007764447,0.09810035
2013-12-27,0.01646002,0.09610369
2013-12-28,0.007518077,0.09362207
2013-12-29,0.01892989,0.092692606
2013-12-30,0.031232242,0.09205188
2013-12-31,0.032770272,0.08903741
2014-01-01,0.05543701,0.08779927
2014-01-02,0.03680357,0.08600799
2014-01-03,0.009499242,0.081964724
2014-01-04,0.008756572,0.08065538
2014-01-05,0.021046106,0.080297396
2014-01-06,0.001977367,0.076377966
2014-01-07,0.0025873578,0.07466904
2014-01-08,0.031636685,0.075928666
2014-01-09,0.06161738,0.07725735
2014-01-10,0.0101320185,0.07090063
2014-01-11,0.01154544,0.07030215
2014-01-12,0.014815419,0.06878418
2014-01-13,0.011152388,0.06724781
2014-01-14,0.037214182,0.06759837
2014-01-15,0.019679917,0.06607874
2014-01-16,0.013863169,0.06407336
2014-01-17,0.013593063,0.06293562
2014-01-18,0.008822792,0.060803976
2014-01-19,0.029149728,0.06124023
2014-01-20,0.03833092,0.061087377
2014-01-21,0.052069005,0.060649697
2014-01-22,0.048991993,0.062511235
2014-01-23,0.017188923,0.056740895
2014-01-24,0.026362756,0.058188256
2014-01-25,0.05064395,0.053059705
2014-01-26,0.060684353,0.05208099
2014-01-27,0.2348493,0.053417865
2014-01-28,0.59371924,0.054697543
2014-01-29,0.47622454,0.05485158
2014-01-30,0.23829491,0.050295167
2014-01-31,0.060783092,0.04821099
2014-02-01,1.0007813,0.07791547
2014-02-02,0.54935205,0.056393355
2014-02-03,0.4974349,0.062287655
2014-02-04,0.041161325,0.044649664
2014-02-05,0.092318185,0.049269214
2014-02-06,0.07303512,0.04841191
2014-02-07,0.040634643,0.048342958
2014-02-08,0.01719011,0.043267332
2014-02-09,0.0017547322,0.04086618
2014-02-10,0.04501661,0.040722344
2014-02-11,0.0019728572,0.03947032
2014-02-12,0.00027271573,0.038817488
2014-02-13,0.00070469367,0.038251765
2014-02-14,0.0008003459,0.03755241
2014-02-15,0.0021788776,0.036970425
2014-02-16,0.021821769,0.036656294
2014-02-17,0.080726705,0.037232462
2014-02-18,0.14076474,0.03871264
2014-02-19,0.09155179,0.04041005
2014-02-20,0.11506444,0.041899838
2014-02-21,0.15420377,0.048329547
2014-02-22,0.02609194,0.035431325
2014-02-23,0.110047795,0.03983026
2014-02-24,0.15606792,0.043576602
2014-02-25,0.023729593,0.033668526
2014-02-26,0.3662805,0.03705261
2014-02-27,0.10138356,0.039851982
2014-02-28,0.029961228,0.03250515
2014-03-01,0.53081375,0.04141677
2014-03-02,0.6306289,0.0436074
2014-03-03,1.4041657,0.0561436
2014-03-04,1.3331752,0.07338474
2014-03-05,0.7909634,0.06219936
2014-03-06,1.1315341,0.07133552
2014-03-07,1.3236729,0.08736908
2014-03-08,1.2167773,0.06327824
2014-03-09,0.68890244,0.054563317
2014-03-10,4.4843163,0.25887877
2014-03-11,6.7157245,0.45996085
2014-03-12,3.3575904,0.15193999
2014-03-13,5.087348,0.42042878
2014-03-14,0.83938366,0.083605826
2014-03-15,0.14642484,0.034410365
2014-03-16,0.28057605,0.037448093
2014-03-17,0.61964905,0.09964424
2014-03-18,0.33728123,0.05008321
2014-03-19,0.2643781,0.032638542
2014-03-20,0.78031045,0.06844808
2014-03-21,0.584078,0.03740383
2014-03-22,0.93529654,0.03572843
2014-03-23,1.1186243,0.055691566
2014-03-24,1.7965924,0.062076297
2014-03-25,1.0945556,0.070882946
2014-03-26,0.13054633,0.02781736
2014-03-27,0.28935093,0.031332638
2014-03-28,1.0224403,0.047137454
2014-03-29,0.49825093,0.052232537
2014-03-30,0.29432437,0.028998774
2014-03-31,0.71760505,0.035770856
2014-04-01,0.97124326,0.06978354
2014-04-02,1.361561,0.064420365
2014-04-03,3.2909591,0.13459885
2014-04-04,5.1613765,0.1802804
2014-04-05,1.1265448,0.08049333
2014-04-06,2.5910852,0.14593816
2014-04-07,4.3699384,0.27437517
2014-04-08,1.6012743,0.15106007
2014-04-09,1.6864753,0.1171568
2014-04-10,2.799244,0.0961403
2014-04-11,1.1303307,0.09371043
2014-04-12,4.452054,0.36052734
2014-04-13,4.4649773,0.23154123
2014-04-14,6.8720174,0.46270734
2014-04-15,5.5193105,0.49507672
2014-04-16,4.251215,0.35600594
2014-04-17,3.2896068,0.25884992
2014-04-18,1.7187247,0.1558924
2014-04-19,2.364742,0.16196656
2014-04-20,3.950363,0.3459005
2014-04-21,5.1157365,0.5867237
2014-04-22,5.370156,0.3554123
2014-04-23,2.3039985,0.18374038
2014-04-24,4.0339956,0.39363262
2014-04-25,3.1115057,0.33317056
2014-04-26,2.2772698,0.26490974
2014-04-27,3.375756,0.27403194
2014-04-28,4.0441217,0.3687425
2014-04-29,0.9527301,0.1864812
2014-04-30,3.7250946,0.4016851
2014-05-01,4.964261,0.42696685
2014-05-02,3.5222874,0.3330965
2014-05-03,1.8518059,0.21860391
2014-05-04,1.6407343,0.22727379
2014-05-05,3.004033,0.32221588
2014-05-06,3.5275612,0.40804574
2014-05-07,5.8609204,0.51343983
2014-05-08,9.330317,0.77739924
2014-05-09,8.122603,0.70065796
2014-05-10,3.8526566,0.4996286
2014-05-11,6.704152,0.7041363
2014-05-12,13.239303,2.1044364
2014-05-13,2.961994,0.52547896
2014-05-14,0.644479,0.19831133
2014-05-15,4.049422,0.6052213
2014-05-16,3.000671,0.4304159
2014-05-17,2.8718746,0.41897073
2014-05-18,2.5417483,0.3585176
2014-05-19,0.7683126,0.24696223
2014-05-20,2.2801797,0.44345748
2014-05-21,3.5719333,0.5126276
2014-05-22,4.115408,0.34667215
2014-05-23,3.5453553,0.3936998
2014-05-24,4.5397444,0.4419845
2014-05-25,2.1055636,0.2822247
2014-05-26,2.145833,0.30382916
2014-05-27,2.5937152,0.297598
2014-05-28,3.3736744,0.4198886
2014-05-29,3.9861314,0.48290798
2014-05-30,2.2540417,0.4714392
2014-05-31,1.863361,0.2768479
2014-06-01,1.9458201,0.4591882
2014-06-02,1.6777933,0.30973884
2014-06-03,2.9226608,0.33577204
2014-06-04,4.5603666,0.32281545
2014-06-05,1.6136134,0.26421073
2014-06-06,1.6338214,0.28793928
2014-06-07,2.1912818,0.34300506
2014-06-08,6.9783015,0.68013406
2014-06-09,6.9807663,0.74434495
2014-06-10,3.0594022,0.3603116
2014-06-11,1.4361969,0.33606327
2014-06-12,2.8427114,0.4471693
2014-06-13,5.3121285,0.522549
2014-06-14,3.57967,0.37697276
2014-06-15,2.708802,0.4257058
2014-06-16,1.8779404,0.39643064
2014-06-17,1.3909973,0.3224085
2014-06-18,1.2918864,0.2585872
2014-06-19,2.317413,0.31465212
2014-06-20,6.748512,0.85047245
2014-06-21,3.553089,0.39417627
2014-06-22,2.599211,0.36360472
2014-06-23,2.8577294,0.35565037
2014-06-24,2.67259,0.32530987
2014-06-25,3.9540865,0.5505969
2014-06-26,4.91754,0.39706352
2014-06-27,3.091646,0.5017603
2014-06-28,1.7461557,0.563117
2014-06-29,4.2463155,0.48715112
2014-06-30,5.9159966,0.71684635
2014-07-01,1.6944532,0.4993762
2014-07-02,0.6694065,0.23305245
2014-07-03,0.89999825,0.27530926
2014-07-04,3.222989,0.26724076
2014-07-05,5.8127937,0.341824
2014-07-06,4.238185,0.46345046
2014-07-07,5.981246,0.62980515
2014-07-08,2.180015,0.314377
2014-07-09,1.9044572,0.32486993
2014-07-10,4.9077845,0.481864
2014-07-11,5.915344,0.41115966
2014-07-12,1.2279254,0.3093205
2014-07-13,1.3627131,0.39096528
2014-07-14,5.2571626,0.70492685
2014-07-15,4.9617367,0.4909518
2014-07-16,2.7366707,0.32242355
2014-07-17,4.398391,0.4666665
2014-07-18,2.3836396,0.3086959
2014-07-19,3.157639,0.36344993
2014-07-20,3.5391312,0.38527173
2014-07-21,3.3135934,0.4189934
2014-07-22,5.487985,0.44872582
2014-07-23,6.5554924,0.75848985
2014-07-24,5.8545194,0.5323254
2014-07-25,2.9931612,0.3484836
2014-07-26,3.6563747,0.4024508
2014-07-27,3.0846996,0.38849753
2014-07-28,3.508887,0.5708815
2014-07-29,4.808057,0.82471526
2014-07-30,8.5815115,0.9387918
2014-07-31,6.9836864,0.56118923
2014-08-01,3.7049952,0.40229902
2014-08-02,6.1889076,0.6162254
2014-08-03,6.5633187,0.62114376
2014-08-04,3.604551,0.46472943
2014-08-05,6.990562,0.68181354
2014-08-06,11.189227,1.2956244
2014-08-07,3.7876682,0.6116304
2014-08-08,3.38897,0.48973086
2014-08-09,5.3394346,0.5740794
2014-08-10,9.869861,1.0241847
2014-08-11,2.9764676,0.49669284
2014-08-12,6.065865,0.6337336
2014-08-13,8.765271,1.0834397
2014-08-14,6.3317304,0.84574485
2014-08-15,3.6474056,0.5452827
2014-08-16,4.44145,0.5855604
2014-08-17,3.021281,0.4821614
2014-08-18,6.589288,0.801906
2014-08-19,4.839777,0.7104525
2014-08-20,2.5866098,0.44694856
2014-08-21,5.0314736,0.56475663
2014-08-22,6.574411,0.70897025
2014-08-23,5.457142,0.61015064
2014-08-24,3.3979778,0.48157242
2014-08-25,4.53423,0.51997834
2014-08-26,6.718287,0.569659
2014-08-27,3.8975897,0.5417428
2014-08-28,4.6058645,0.5633062
2014-08-29,5.622237,0.66305643
2014-08-30,4.465105,0.48211122
2014-08-31,2.9773042,0.49228913
2014-09-01,4.661207,0.59703255
2014-09-02,6.7083273,0.6710712
2014-09-03,7.740612,0.8412921
2014-09-04,5.441917,0.62633085
2014-09-05,7.177317,1.0773013
2014-09-06,7.926286,0.8874031
2014-09-07,3.4186673,0.4816593
2014-09-08,4.168435,0.54433596
2014-09-09,5.9803305,0.70148987
2014-09-10,2.5228662,0.4439527
2014-09-11,1.1702868,0.30041724
2014-09-12,5.9375553,0.74436027
2014-09-13,5.1659217,0.67100114
2014-09-14,1.1911577,0.32969075
2014-09-15,2.2225842,0.387556
2014-09-16,4.573136,0.51213044
2014-09-17,3.5019095,0.5747744
2014-09-18,3.2491817,0.45114112
2014-09-19,4.4730287,0.6154242
2014-09-20,4.935189,0.5992319
2014-09-21,1.8306795,0.42886162
2014-09-22,6.648982,0.8146611
2014-09-23,7.064599,1.0573293
2014-09-24,2.3725839,0.4459207
2014-09-25,3.556412,0.55135334
2014-09-26,6.000011,0.9170048
2014-09-27,3.657887,0.5541563
2014-09-28,2.8044698,0.58608896
2014-09-29,3.4271965,0.5396901
2014-09-30,3.1687145,0.51698285
2014-10-01,4.4105344,0.5768328
2014-10-02,5.5084486,0.6485322
2014-10-03,2.4662712,0.49609482
2014-10-04,6.005019,0.7896179
2014-10-05,8.117728,1.2882951
2014-10-06,1.4656574,0.36475003
2014-10-07,2.27162,0.4625846
2014-10-08,4.399368,0.65652645
2014-10-09,3.7801282,0.5807317
2014-10-10,1.9998746,0.38610935
2014-10-11,3.7950869,0.5483584
2014-10-12,7.9637475,0.9857162
2014-10-13,7.685772,1.04979
2014-10-14,6.971024,1.0906721
2014-10-15,7.1427145,1.3113116
2014-10-16,3.4164963,0.64035195
2014-10-17,2.1688523,0.55098724
2014-10-18,2.230214,0.55888903
2014-10-19,6.290383,0.9365267
2014-10-20,6.957125,0.917068
2014-10-21,3.1287248,0.75581264
2014-10-22,4.36969,0.7065343
2014-10-23,5.2058244,1.0252517
2014-10-24,2.1774666,0.5757198
2014-10-25,2.6113937,0.609573
2014-10-26,2.3793035,0.50519013
2014-10-27,2.200873,0.48769143
2014-10-28,1.7932011,0.47527558
2014-10-29,5.2273183,0.96240324
2014-10-30,2.2120645,0.67216283
2014-10-31,0.7765178,0.39492548
2014-11-01,1.9120011,0.5412785
2014-11-02,3.0017276,0.6767659
2014-11-03,0.8975369,0.3917239
2014-11-04,0.15002094,0.31207627
2014-11-05,0.37431312,0.3133556
2014-11-06,0.89997095,0.3176591
2014-11-07,0.7023593,0.31670082
2014-11-08,0.804893,0.30120152
2014-11-09,1.1094707,0.34186253
2014-11-10,0.26605424,0.25366297
2014-11-11,0.45710194,0.25666845
2014-11-12,0.71457624,0.27559373
2014-11-13,1.088685,0.29683673
2014-11-14,1.9876388,0.3569469
2014-11-15,1.4779937,0.28015783
2014-11-16,1.2243111,0.29131392
2014-11-17,1.3583924,0.3238905
2014-11-18,0.44924065,0.24326123
2014-11-19,1.3727264,0.31578073
2014-11-20,2.2923565,0.4002213
2014-11-21,2.7176867,0.3479099
2014-11-22,1.1530606,0.25807902
2014-11-23,2.255169,0.34712452
2014-11-24,0.39185047,0.20414837
2014-11-25,1.6639585,0.2903987
2014-11-26,1.3052721,0.277721
2014-11-27,0.4495606,0.20443135
2014-11-28,0.2252537,0.18050802
2014-11-29,0.32235593,0.18502611
2014-11-30,0.12786238,0.16964687
2014-12-01,0.585336,0.19285814
2014-12-02,0.5488118,0.1849352
2014-12-03,0.27405438,0.18688574
2014-12-04,0.15043938,0.1514384
2014-12-05,0.02954373,0.14537635
2014-12-06,0.032630708,0.14301068
2014-12-07,0.033573467,0.1360073
2014-12-08,0.044027094,0.13571572
2014-12-09,0.15301204,0.1326835
2014-12-10,0.1935864,0.12717347
2014-12-11,0.061814856,0.122956336
2014-12-12,0.056481827,0.12113652
2014-12-13,0.03033387,0.11978249
2014-12-14,0.023795573,0.11367914
2014-12-15,0.0039445283,0.11098966
2014-12-16,0.007552256,0.10848425
2014-12-17,0.036242235,0.10920265
2014-12-18,0.019481255,0.10436278
2014-12-19,0.00722756,0.100704074
2014-12-20,0.013920132,0.099329405
2014-12-21,0.045919724,0.09911341
2014-12-22,0.0075819246,0.09347979
2014-12-23,0.0021902705,0.09122756
2014-12-24,0.010294603,0.08936757
2014-12-25,0.018577425,0.08785173
2014-12-26,0.052027944,0.09229208
2014-12-27,0.008217075,0.08367911
2014-12-28,0.009082217,0.08246767
2014-12-29,0.0009071536,0.07954541
2014-12-30,0.000977884,0.077754244
2014-12-31,0.0076165777,0.07610181
2015-01-01,0.002145886,0.06554185
2015-01-02,0.0051039853,0.060384225
2015-01-03,0.016634947,0.059144303
2015-01-04,0.007906383,0.057855967
2015-01-05,0.00055540015,0.056682147
2015-01-06,0.0008482907,0.055493973
2015-01-07,6.6458146e-05,0.054323122
2015-01-08,0.00026369642,0.05327356
2015-01-09,0.0046345056,0.052405447
2015-01-10,0.002669481,0.051328946
2015-01-11,0.001922539,0.050235234
2015-01-12,0.0025970892,0.049335796
2015-01-13,0.0050899815,0.048585054
2015-01-14,0.0042720716,0.047664847
2015-01-15,0.00060571847,0.046605907
2015-01-16,0.0023495327,0.045843653
2015-01-17,0.0005466182,0.044921193
2015-01-18,0.0018719834,0.044159774
2015-01-19,0.0015695989,0.04331789
2015-01-20,0.0012809807,0.042575337
2015-01-21,0.0032291536,0.041813325
2015-01-22,0.00915888,0.041574907
2015-01-23,0.016113963,0.04234428
2015-01-24,0.034379743,0.04425934
2015-01-25,0.04522168,0.04066336
2015-01-26,0.07434268,0.04296151
2015-01-27,0.0014957829,0.037960712
2015-01-28,0.0056508407,0.03738241
2015-01-29,0.14080985,0.037852183
2015-01-30,0.10463692,0.036648817
2015-01-31,0.05586044,0.035717215
2015-02-01,0.0007355492,0.034924824
2015-02-02,8.4734136e-05,0.03432812
2015-02-03,0.0017718215,0.033899464
2015-02-04,0.0017625648,0.033195604
2015-02-05,0.008061373,0.032690283
2015-02-06,0.007188635,0.032389563
2015-02-07,0.005715163,0.031713232
2015-02-08,0.008545331,0.0312949
2015-02-09,0.04807226,0.030916326
2015-02-10,0.47089463,0.034056358
2015-02-11,0.27495703,0.031922456
2015-02-12,0.015630243,0.02948374
2015-02-13,0.012830694,0.029731473
2015-02-14,0.02430303,0.029881835
2015-02-15,0.08422264,0.031490773
2015-02-16,0.01649681,0.028215159
2015-02-17,0.052869584,0.029819649
2015-02-18,0.016234063,0.02708561
2015-02-19,0.055567313,0.029050514
2015-02-20,0.20076387,0.027188737
2015-02-21,0.42232698,0.02933569
2015-02-22,0.008320085,0.025517195
2015-02-23,0.12786214,0.031108819
2015-02-24,0.20184405,0.03735778
2015-02-25,0.61130166,0.03022813
2015-02-26,1.248226,0.05300642
2015-02-27,1.0370792,0.08917958
2015-02-28,1.8710188,0.10299861
2015-03-01,0.27206895,0.028057916
2015-03-02,0.11995552,0.024688369
2015-03-03,0.73682946,0.035146743
2015-03-04,0.29219174,0.028871553
2015-03-05,0.8058705,0.054509442
2015-03-06,0.26942414,0.026630964
2015-03-07,0.49160013,0.031076776
2015-03-08,0.10206641,0.022373727
2015-03-09,0.20623693,0.022597311
2015-03-10,0.76237196,0.036364947
2015-03-11,0.23355621,0.021553919
2015-03-12,0.31350324,0.02190484
2015-03-13,1.8656424,0.053704347
2015-03-14,0.5955715,0.03456749
2015-03-15,0.09221257,0.020479314
2015-03-16,0.07325776,0.021548755
2015-03-17,0.38707072,0.034595378
2015-03-18,0.32884628,0.027829465
2015-03-19,0.50521857,0.046603177
2015-03-20,1.1189225,0.07836566
2015-03-21,0.5748425,0.06117246
2015-03-22,0.86957175,0.060267802
2015-03-23,1.3447134,0.1397553
2015-03-24,1.9914191,0.13366523
2015-03-25,0.39134017,0.029803984
2015-03-26,1.056111,0.06052996
2015-03-27,0.93057203,0.06289575
2015-03-28,1.9904224,0.16848338
2015-03-29,4.025327,0.18974937
2015-03-30,7.252229,0.3032918
2015-03-31,3.963529,0.18129294
2015-04-01,1.7452846,0.12293308
2015-04-02,2.4568002,0.19715887
2015-04-03,6.6784334,0.76757944
2015-04-04,2.2108445,0.21148476
2015-04-05,1.3452792,0.116830684
2015-04-06,2.3197134,0.19719507
2015-04-07,1.5888013,0.13613725
2015-04-08,0.85711133,0.07417452
2015-04-09,3.2503407,0.26512408
2015-04-10,0.87087697,0.11247815
2015-04-11,3.9184568,0.31147587
2015-04-12,2.4021537,0.20168823
2015-04-13,0.6196586,0.1163796
2015-04-14,0.517806,0.04772181
2015-04-15,0.700398,0.06122765
2015-04-16,1.1984406,0.07993419
2015-04-17,0.86383194,0.06852487
2015-04-18,0.38287175,0.054061085
2015-04-19,0.756047,0.094225064
2015-04-20,0.92055035,0.07349843
2015-04-21,1.5933946,0.11905525
2015-04-22,0.86732143,0.08301963
2015-04-23,1.6621166,0.12341015
2015-04-24,2.3969524,0.16963737
2015-04-25,4.9299684,0.53870285
2015-04-26,7.0723085,0.65734684
2015-04-27,0.3735479,0.06527234
2015-04-28,0.32550794,0.06015423
2015-04-29,0.7518806,0.063639954
2015-04-30,1.1024562,0.10184591
2015-05-01,2.5925722,0.17196874
2015-05-02,6.0752187,0.36554435
2015-05-03,3.4007745,0.19842443
2015-05-04,1.9084352,0.18249714
2015-05-05,2.4091997,0.21677352
2015-05-06,7.3942566,0.5272983
2015-05-07,2.7610736,0.26057655
2015-05-08,4.3986034,0.2990022
2015-05-09,7.8274,0.76736695
2015-05-10,1.0949326,0.17029661
2015-05-11,2.912814,0.25576013
2015-05-12,4.6748567,0.41494113
2015-05-13,3.4942374,0.17528169
2015-05-14,2.8654633,0.27746725
2015-05-15,2.1545856,0.21956441
2015-05-16,3.950823,0.4589942
2015-05-17,1.5140057,0.23000379
2015-05-18,3.3479795,0.31959102
2015-05-19,1.4856982,0.1974781
2015-05-20,3.8996806,0.31704044
2015-05-21,1.1461043,0.16304663
2015-05-22,1.6012391,0.18869923
2015-05-23,3.0578325,0.25143015
2015-05-24,3.1093607,0.31918004
2015-05-25,3.5018418,0.4260833
2015-05-26,1.4803166,0.26941928
2015-05-27,2.313063,0.20275737
2015-05-28,1.4563564,0.20434822
2015-05-29,1.8467559,0.23342116
2015-05-30,6.5686536,0.39567563
2015-05-31,9.931163,1.1490574
2015-06-01,6.178945,0.6488885
2015-06-02,2.450315,0.33888385
2015-06-03,0.8952652,0.21560434
2015-06-04,2.9470224,0.27584922
2015-06-05,4.0768294,0.30594206
2015-06-06,3.5324879,0.3140578
2015-06-07,2.8013384,0.40897068
2015-06-08,2.6718323,0.4241895
2015-06-09,2.2297964,0.32367203
2015-06-10,2.3543868,0.25157884
2015-06-11,3.2093873,0.3094748
2015-06-12,3.7084446,0.41046613
2015-06-13,2.8809123,0.38185328
2015-06-14,1.6426233,0.31008393
2015-06-15,1.3539261,0.2890146
2015-06-16,2.5135832,0.3448578
2015-06-17,6.0969133,0.59649956
2015-06-18,4.747681,0.49975455
2015-06-19,3.6771095,0.4027526
2015-06-20,3.8069563,0.44459963
2015-06-21,5.595785,0.6154703
2015-06-22,2.459604,0.37027365
2015-06-23,2.0756392,0.31799293
2015-06-24,2.0654502,0.32194042
2015-06-25,2.5935483,0.3223279
2015-06-26,4.6077633,0.30632588
2015-06-27,5.559603,0.28968295
2015-06-28,2.9588692,0.27609015
2015-06-29,3.5204813,0.36875367
2015-06-30,6.5994096,0.6015231
2015-07-01,5.840242,0.5379683
2015-07-02,3.685678,0.5638177
2015-07-03,1.7711298,0.40798572
2015-07-04,4.192113,0.5669163
2015-07-05,3.289552,0.35555688
2015-07-06,1.0810452,0.2741969
2015-07-07,0.45076683,0.21523692
2015-07-08,0.49983308,0.24773233
2015-07-09,0.9392463,0.2659446
2015-07-10,1.3817836,0.26701504
2015-07-11,2.1687515,0.26168486
2015-07-12,5.4298124,0.31775227
2015-07-13,1.9924577,0.2441875
2015-07-14,1.9884559,0.26456463
2015-07-15,5.134603,0.30245098
2015-07-16,4.1446137,0.41298726
2015-07-17,1.5092325,0.29986638
2015-07-18,3.143559,0.4054261
2015-07-19,6.9678893,0.5054809
2015-07-20,4.584226,0.39276916
2015-07-21,5.3496256,0.4403641
2015-07-22,3.0201252,0.34287035
2015-07-23,3.8346026,0.3981264
2015-07-24,2.6462164,0.29385012
2015-07-25,3.1027348,0.34479514
2015-07-26,2.246871,0.3293193
2015-07-27,3.0471265,0.32081446
2015-07-28,7.8075614,0.56827277
2015-07-29,6.072102,0.7096932
2015-07-30,4.308553,0.43952483
2015-07-31,4.132007,0.36181024
2015-08-01,5.289378,0.3954899
2015-08-02,2.2328968,0.34974867
2015-08-03,5.680845,0.79661
2015-08-04,9.812707,0.71980953
2015-08-05,4.7785096,0.5154418
2015-08-06,2.4638343,0.39945745
2015-08-07,3.8285394,0.32593682
2015-08-08,6.137467,0.72553396
2015-08-09,5.5247774,0.6462648
2015-08-10,1.6359926,0.31874856
2015-08-11,2.3024395,0.34638506
2015-08-12,3.240012,0.36262766
2015-08-13,3.7628183,0.39352998
2015-08-14,2.123863,0.37874162
2015-08-15,2.3089998,0.26699144
2015-08-16,3.346329,0.3716069
2015-08-17,6.631126,0.5841248
2015-08-18,3.687488,0.35406357
2015-08-19,0.7883319,0.21407044
2015-08-20,2.374507,0.37141415
2015-08-21,1.4415989,0.20699385
2015-08-22,4.8332434,0.6179724
2015-08-23,5.1321487,0.4405521
2015-08-24,3.2711616,0.4752735
2015-08-25,6.822018,0.7220664
2015-08-26,3.1071482,0.36046645
2015-08-27,1.4003206,0.25006038
2015-08-28,2.7633047,0.2936402
2015-08-29,5.756378,0.42018738
2015-08-30,2.9872966,0.45209715
2015-08-31,3.0076463,0.3925929
2015-09-01,5.603582,0.49946684
2015-09-02,5.066061,0.5362715
2015-09-03,3.7475111,0.44167784
2015-09-04,3.1934192,0.32983
2015-09-05,3.193431,0.3583919
2015-09-06,1.1568565,0.22800139
2015-09-07,3.5540183,0.41049236
2015-09-08,6.5317726,0.6181719
2015-09-09,2.2709424,0.27550936
2015-09-10,1.8166591,0.2779074
2015-09-11,2.588488,0.3671722
2015-09-12,2.6533027,0.308577
2015-09-13,2.0836947,0.29241404
2015-09-14,3.266966,0.2877317
2015-09-15,3.3982751,0.41171828
2015-09-16,5.0911813,0.5450656
2015-09-17,4.2037506,0.46378216
2015-09-18,1.7845764,0.2613737
2015-09-19,0.99262214,0.21974088
2015-09-20,2.756915,0.2835288
2015-09-21,6.303618,0.49781206
2015-09-22,3.6099346,0.35921597
2015-09-23,1.2218243,0.24126928
2015-09-24,1.8938885,0.25164375
2015-09-25,3.6416059,0.42009604
2015-09-26,4.3300257,0.46672922
2015-09-27,1.0894611,0.2469931
2015-09-28,0.89198196,0.20912988
2015-09-29,0.7258622,0.19200683
2015-09-30,2.9995437,0.29688892
2015-10-01,6.465535,0.53496504
2015-10-02,3.6576953,0.3146797
2015-10-03,0.7347154,0.15981059
2015-10-04,2.9109476,0.36384776
2015-10-05,2.825725,0.32080477
2015-10-06,2.1655405,0.24612617
2015-10-07,3.6542997,0.28622293
2015-10-08,1.6336862,0.2001877
2015-10-09,2.40723,0.32178438
2015-10-10,4.3884354,0.54226255
2015-10-11,4.1735225,0.40495923
2015-10-12,2.534769,0.32349366
2015-10-13,2.110918,0.31805086
2015-10-14,3.4229925,0.3981741
2015-10-15,3.6911564,0.34358057
2015-10-16,3.142032,0.37361962
2015-10-17,5.018658,0.5010164
2015-10-18,7.505955,0.7392451
2015-10-19,4.6050572,0.61607933
2015-10-20,2.213046,0.44688758
2015-10-21,3.9223003,0.75530773
2015-10-22,4.784576,0.5388923
2015-10-23,5.288785,0.67915505
2015-10-24,8.13887,1.2516266
2015-10-25,5.2646723,0.6882524
2015-10-26,4.243361,0.5783496
2015-10-27,3.7058618,0.7036065
2015-10-28,9.794529,1.5487261
2015-10-29,8.931995,1.1833044
2015-10-30,5.024204,1.1868932
2015-10-31,3.697608,1.0477451
2015-11-01,2.954396,0.74559486
2015-11-02,0.89266247,0.41859466
2015-11-03,3.1688902,0.69595355
2015-11-04,4.9970493,0.89056176
2015-11-05,3.872305,0.7396154
2015-11-06,3.5354238,0.77273643
2015-11-07,3.7076037,0.8992955
2015-11-08,1.9807292,0.61082876
2015-11-09,1.6860301,0.6138305
2015-11-10,2.9030106,0.69979954
2015-11-11,1.2512047,0.5060901
2015-11-12,0.646444,0.3939763
2015-11-13,1.2771072,0.46961635
2015-11-14,0.9399531,0.4346398
2015-11-15,2.2341547,0.5450256
2015-11-16,1.8566995,0.49766216
2015-11-17,1.163631,0.40731528
2015-11-18,1.1990546,0.38093913
2015-11-19,0.7101283,0.33360705
2015-11-20,1.2330945,0.38193244
2015-11-21,2.1341233,0.48134956
2015-11-22,0.34934458,0.27867168
2015-11-23,0.09543484,0.25324407
2015-11-24,0.03198393,0.24014756
2015-11-25,0.03523136,0.22961299
2015-11-26,0.15037555,0.23124146
2015-11-27,0.4468064,0.23726079
2015-11-28,0.19784398,0.21247903
2015-11-29,0.8388999,0.22841497
2015-11-30,3.0142512,0.3245614
2015-12-01,3.5162024,0.30391937
2015-12-02,3.8598156,0.41124356
2015-12-03,1.9286492,0.29500186
2015-12-04,0.35031533,0.21568385
2015-12-05,0.46488348,0.2149699
2015-12-06,0.401359,0.20119032
2015-12-07,0.4523262,0.19975027
2015-12-08,0.535439,0.18073231
2015-12-09,0.5838687,0.22356851
2015-12-10,0.8363289,0.25925136
2015-12-11,0.16242985,0.17537817
2015-12-12,0.11766675,0.16198815
2015-12-13,0.08118503,0.14895357
2015-12-14,0.04692989,0.13741323
2015-12-15,0.050378833,0.13800104
2015-12-16,0.1721966,0.13415407
2015-12-17,0.22794478,0.13940118
2015-12-18,0.16599986,0.13021524
2015-12-19,0.44312555,0.1593506
2015-12-20,0.11109712,0.12344528
2015-12-21,0.06935619,0.11535958
2015-12-22,0.012099891,0.10779166
2015-12-23,0.16282815,0.17079432
2015-12-24,0.045342255,0.112978004
2015-12-25,0.10238138,0.1129176
2015-12-26,0.07674325,0.1011792
2015-12-27,0.3085566,0.12042844
2015-12-28,0.0875605,0.09998782
2015-12-29,0.019800017,0.09244933
2015-12-30,0.010282974,0.08760334
2015-12-31,0.023719385,0.08853577
2016-01-01,0.02859409,0.08766772
2016-01-02,0.008301571,0.0808862
2016-01-03,0.0061117755,0.079177275
2016-01-04,0.01625305,0.07745987
2016-01-05,0.0117846895,0.075425364
2016-01-06,0.07104067,0.08532502
2016-01-07,0.030968305,0.074720666
2016-01-08,0.027474508,0.07443929
2016-01-09,0.008354262,0.06866805
2016-01-10,0.0059057553,0.06675578
2016-01-11,0.010703322,0.065407515
2016-01-12,0.026034977,0.06517704
2016-01-13,0.0318522,0.065296076
2016-01-14,0.044081446,0.06200841
2016-01-15,0.19271223,0.06936177
2016-01-16,0.049165495,0.060304593
2016-01-17,0.096516445,0.059414707
2016-01-18,0.06852831,0.058689542
2016-01-19,0.015860947,0.05474418
2016-01-20,0.021684105,0.05384949
2016-01-21,0.022296468,0.05345347
2016-01-22,0.07460638,0.057828672
2016-01-23,0.018643409,0.052446034
2016-01-24,0.0120118335,0.05013282
2016-01-25,0.00436986,0.048460804
2016-01-26,0.0022192271,0.04726889
2016-01-27,0.007714366,0.046671122
2016-01-28,0.0035842299,0.045529645
2016-01-29,0.04700181,0.047111344
2016-01-30,0.10952681,0.047095917
2016-01-31,0.056358162,0.046199683
2016-02-01,0.019517094,0.04334542
2016-02-02,0.034779683,0.045590878
2016-02-03,0.015929068,0.043061793
2016-02-04,0.002619163,0.03988948
2016-02-05,0.0034729126,0.03916853
2016-02-06,0.0004099043,0.03825117
2016-02-07,0.0009100018,0.037518233
2016-02-08,0.0006455934,0.03687786
2016-02-09,0.00012911868,0.03616462
2016-02-10,0.0062914495,0.035667375
2016-02-11,0.0018214277,0.03486916
2016-02-12,0.0063614678,0.03447528
2016-02-13,0.0066353707,0.034094688
2016-02-14,0.0030862687,0.03327381
2016-02-15,0.005883207,0.03322195
2016-02-16,0.0017779926,0.032104027
2016-02-17,0.06410885,0.032294385
2016-02-18,0.041872427,0.03449142
2016-02-19,0.0485771,0.03332306
2016-02-20,0.012134545,0.031386044
2016-02-21,0.23518516,0.031225475
2016-02-22,0.074406534,0.0293707
2016-02-23,0.016948013,0.028428538
2016-02-24,0.0026554773,0.027808579
2016-02-25,0.05235525,0.03380417
2016-02-26,0.23376912,0.042908818
2016-02-27,0.3506918,0.042434115
2016-02-28,0.078899816,0.026943555
2016-02-29,0.027318805,0.025944902
2016-03-01,0.5137998,0.031544596
2016-03-02,0.6569188,0.032484025
2016-03-03,0.827982,0.046641033
2016-03-04,1.0378537,0.03543987
2016-03-05,0.68270123,0.040664785
2016-03-06,0.73898864,0.05610052
2016-03-07,0.74750954,0.043405354
2016-03-08,1.2577829,0.048238344
2016-03-09,0.63193786,0.04234505
2016-03-10,0.3498347,0.029028915
2016-03-11,1.881426,0.06154214
2016-03-12,0.63316023,0.031784434
2016-03-13,1.037302,0.028009377
2016-03-14,1.3019173,0.040025838
2016-03-15,1.0093514,0.05315358
2016-03-16,2.2146223,0.12417638
2016-03-17,1.3811642,0.058365792
2016-03-18,1.436632,0.075614765
2016-03-19,1.1423255,0.07234776
2016-03-20,0.5585629,0.09156317
2016-03-21,1.9691159,0.1218205
2016-03-22,0.5412206,0.051434446
2016-03-23,0.31328368,0.030208902
2016-03-24,0.49988744,0.029815732
2016-03-25,0.6806246,0.04292709
2016-03-26,2.045627,0.15429907
2016-03-27,0.43071854,0.039655454
2016-03-28,0.33508408,0.03358272
2016-03-29,2.2510612,0.293482
2016-03-30,1.2261953,0.14722021
2016-03-31,0.72539324,0.040153418
2016-04-01,2.467401,0.18952769
2016-04-02,0.6618139,0.0749007
2016-04-03,1.1689662,0.0788622
2016-04-04,1.0792737,0.091495655
2016-04-05,0.38879317,0.055825077
2016-04-06,4.49405,0.63716274
2016-04-07,3.9733102,0.8858059
2016-04-08,0.9080959,0.08642572
2016-04-09,0.74733365,0.06893383
2016-04-10,1.6034862,0.112311885
2016-04-11,1.5908058,0.112727605
2016-04-12,2.857707,0.162134
2016-04-13,7.1644726,0.50950146
2016-04-14,2.935948,0.2455424
2016-04-15,2.6614044,0.2724194
2016-04-16,4.7537274,0.44183317
2016-04-17,3.3741646,0.36287248
2016-04-18,4.02399,0.34084278
2016-04-19,1.3677133,0.17371647
2016-04-20,1.9870845,0.1716666
2016-04-21,2.5541484,0.18999861
2016-04-22,4.9296913,0.35047543
2016-04-23,1.4673982,0.1381908
2016-04-24,2.7110326,0.3668596
2016-04-25,2.8349545,0.27934682
2016-04-26,3.339129,0.32532576
2016-04-27,3.6952956,0.25917026
2016-04-28,3.9302711,0.2987888
2016-04-29,2.6190372,0.26144847
2016-04-30,5.1633954,0.5199058
2016-05-01,2.5734682,0.2646387
2016-05-02,1.1438199,0.1872985
2016-05-03,1.7898345,0.2378728
2016-05-04,3.8134537,0.28872016
2016-05-05,5.234824,0.40818295
2016-05-06,3.7398796,0.31965855
2016-05-07,2.1076157,0.24276233
2016-05-08,6.055102,0.5270175
2016-05-09,9.951185,1.3147005
2016-05-10,4.218559,0.5147887
2016-05-11,1.3874531,0.25434148
2016-05-12,1.2094724,0.27374285
2016-05-13,2.835605,0.3250502
2016-05-14,2.7793167,0.27625486
2016-05-15,4.514916,0.4274158
2016-05-16,3.7385771,0.34306926
2016-05-17,4.7511106,0.5909532
2016-05-18,4.1265254,0.28332672
2016-05-19,5.432429,0.42956322
2016-05-20,3.850508,0.43913057
2016-05-21,6.365928,0.58853656
2016-05-22,1.8695949,0.23579241
2016-05-23,3.139464,0.41247448
2016-05-24,5.636918,0.5639238
2016-05-25,4.8405924,0.43324488
2016-05-26,1.8845733,0.33742043
2016-05-27,2.3411899,0.32802576
2016-05-28,4.972794,0.62040067
2016-05-29,4.2413826,0.6382961
2016-05-30,1.0535195,0.2370448
2016-05-31,0.83400005,0.18579145
2016-06-01,0.9204882,0.1642901
2016-06-02,0.24499913,0.13223948
2016-06-03,2.3495264,0.2465483
2016-06-04,1.83185,0.22094542
2016-06-05,4.271771,0.29078403
2016-06-06,1.7151127,0.19140537
2016-06-07,1.15851,0.17718446
2016-06-08,1.3645437,0.18575466
2016-06-09,2.171917,0.22296813
2016-06-10,1.5829319,0.16153316
2016-06-11,1.3382192,0.18522453
2016-06-12,2.475068,0.1912002
2016-06-13,3.798643,0.25056964
2016-06-14,3.0456934,0.23783292
2016-06-15,4.203145,0.31230175
2016-06-16,3.805691,0.38513088
2016-06-17,4.384166,0.3762962
2016-06-18,4.3930426,0.34670618
2016-06-19,4.4527197,0.259306
2016-06-20,7.618221,0.40052482
2016-06-21,6.6968436,0.48731002
2016-06-22,2.323454,0.260322
2016-06-23,1.067685,0.20359498
2016-06-24,2.8142738,0.29842365
2016-06-25,4.0480285,0.5917325
2016-06-26,3.9527304,0.47482133
2016-06-27,3.951936,0.35967156
2016-06-28,6.0171137,0.45516443
2016-06-29,2.8263903,0.32302323
2016-06-30,2.2430465,0.31083757
2016-07-01,3.44193,0.37054175
2016-07-02,1.9162141,0.35235444
2016-07-03,2.3602602,0.3378671
2016-07-04,3.4318728,0.3526308
2016-07-05,4.217539,0.36973476
2016-07-06,4.928281,0.39603782
2016-07-07,5.209585,0.49874222
2016-07-08,2.6317098,0.3015856
2016-07-09,3.3553612,0.24737939
2016-07-10,6.5747657,0.38374984
2016-07-11,6.791593,0.43051073
2016-07-12,8.153857,0.6431075
2016-07-13,4.361457,0.5063325
2016-07-14,3.6642542,0.42323902
2016-07-15,3.481425,0.37164664
2016-07-16,2.4335163,0.33904722
2016-07-17,2.5421374,0.2981643
2016-07-18,2.8428857,0.36170104
2016-07-19,7.018083,0.610506
2016-07-20,3.9593236,0.43547478
2016-07-21,1.8280121,0.32781687
2016-07-22,4.0483937,0.37289128
2016-07-23,5.7129602,0.4776032
2016-07-24,4.6998625,0.5005874
2016-07-25,1.9209944,0.26205012
2016-07-26,3.4738233,0.3549191
2016-07-27,8.52031,0.73645556
2016-07-28,10.0492735,0.60827756
2016-07-29,2.588164,0.31400606
2016-07-30,2.8365977,0.34491846
2016-07-31,4.8243246,0.3497673
2016-08-01,8.196795,0.63985604
2016-08-02,6.121866,0.51836437
2016-08-03,4.473366,0.37535453
2016-08-04,8.276985,0.63141966
2016-08-05,5.5702534,0.5222441
2016-08-06,4.389277,0.3482631
2016-08-07,6.6946883,0.61557657
2016-08-08,4.9680867,0.51106477
2016-08-09,4.9145174,0.47690445
2016-08-10,3.322967,0.40896487
2016-08-11,3.2119403,0.3220602
2016-08-12,4.5287385,0.52192473
2016-08-13,4.2731304,0.6120447
2016-08-14,2.0039926,0.2895648
2016-08-15,1.922367,0.31749758
2016-08-16,4.3105063,0.37567234
2016-08-17,1.4265983,0.2433271
2016-08-18,2.191969,0.47538647
2016-08-19,3.9353044,0.52243966
2016-08-20,6.110024,0.49669388
2016-08-21,1.8061682,0.27045554
2016-08-22,2.5960083,0.4253365
2016-08-23,6.022813,0.60357934
2016-08-24,7.859746,0.7663827
2016-08-25,3.6067238,0.35474086
2016-08-26,3.8382223,0.45365655
2016-08-27,3.2545695,0.35299847
2016-08-28,1.1839553,0.25173026
2016-08-29,2.9440722,0.42041683
2016-08-30,2.9185047,0.31933326
2016-08-31,5.0986886,0.5534997
2016-09-01,2.1867886,0.2747191
2016-09-02,5.1155767,0.45621783
2016-09-03,4.272388,0.4446121
2016-09-04,2.1685708,0.31285763
2016-09-05,1.8397392,0.25286764
2016-09-06,4.20923,0.40932482
2016-09-07,4.8955936,0.47296682
2016-09-08,1.3290178,0.24515934
2016-09-09,2.328901,0.25325975
2016-09-10,5.9295397,0.5218216
2016-09-11,1.6157013,0.40256104
2016-09-12,2.387945,0.28501594
2016-09-13,2.5126553,0.29440162
2016-09-14,3.6974423,0.32375062
2016-09-15,5.364593,0.5666106
2016-09-16,7.464113,0.5938045
2016-09-17,2.4005015,0.3242494
2016-09-18,0.8094851,0.25773865
2016-09-19,4.384917,0.39062434
2016-09-20,8.817894,0.699203
2016-09-21,2.437406,0.353659
2016-09-22,2.0793748,0.3235651
2016-09-23,3.1342413,0.38348138
2016-09-24,3.1510541,0.3390692
2016-09-25,2.3350868,0.35488516
2016-09-26,7.558632,0.7712922
2016-09-27,3.8798504,0.52416694
2016-09-28,2.2574017,0.45898792
2016-09-29,1.860143,0.50692326
2016-09-30,1.1051924,0.36143568
2016-10-01,1.901649,0.31404924
2016-10-02,7.6985583,0.9985862
2016-10-03,5.430793,0.53018135
2016-10-04,1.9730206,0.3130512
2016-10-05,5.4276733,0.6714429
2016-10-06,4.6615667,0.528918
2016-10-07,1.0600926,0.32465988
2016-10-08,0.7823903,0.22705814
2016-10-09,2.8418427,0.40653726
2016-10-10,3.389054,0.44487578
2016-10-11,1.7392753,0.29161534
2016-10-12,1.6875514,0.4500887
2016-10-13,0.9807594,0.2506948
2016-10-14,1.4814557,0.29463315
2016-10-15,1.5436629,0.32550523
2016-10-16,1.0654693,0.23680305
2016-10-17,2.8760977,0.39484516
2016-10-18,2.5574481,0.3348091
2016-10-19,1.2750173,0.2508555
2016-10-20,3.7576964,0.59366345
2016-10-21,3.5002182,0.3962619
2016-10-22,0.7237619,0.19504479
2016-10-23,1.2399964,0.24981818
2016-10-24,1.9300239,0.2951413
2016-10-25,0.60755086,0.22367935
2016-10-26,2.937356,0.35293937
2016-10-27,6.100444,0.7735901
2016-10-28,1.0557147,0.23893991
2016-10-29,2.3570487,0.36139438
2016-10-30,0.83643556,0.21655433
2016-10-31,0.5653509,0.15667684
2016-11-01,0.15357101,0.14257751
2016-11-02,0.67792857,0.17225534
2016-11-03,0.72421306,0.15487263
2016-11-04,0.79767567,0.14804049
2016-11-05,0.5709265,0.14574721
2016-11-06,0.6377686,0.14193429
2016-11-07,1.1811401,0.16579847
2016-11-08,1.6303402,0.22825535
2016-11-09,0.54989743,0.1336943
2016-11-10,0.3116438,0.11837548
2016-11-11,0.2587588,0.118521094
2016-11-12,0.7961108,0.13172324
2016-11-13,0.19268636,0.102241814
2016-11-14,0.080199786,0.095713966
2016-11-15,0.020318625,0.09177299
2016-11-16,0.08045066,0.09031199
2016-11-17,0.6404303,0.10412472
2016-11-18,1.8338534,0.14774072
2016-11-19,0.97675306,0.11410139
2016-11-20,0.22975719,0.09018714
2016-11-21,0.3641448,0.09284215
2016-11-22,1.9344568,0.1761435
2016-11-23,1.8663349,0.20175101
2016-11-24,1.1590703,0.13557069
2016-11-25,0.90642333,0.12817438
2016-11-26,0.32021168,0.08711096
2016-11-27,0.43568888,0.092366606
2016-11-28,0.3955123,0.08394945
2016-11-29,0.7243726,0.10477814
2016-11-30,0.6177028,0.094648734
2016-12-01,0.56331843,0.092362694
2016-12-02,0.63230675,0.08331667
2016-12-03,0.45697233,0.07719707
2016-12-04,0.14328969,0.064865164
2016-12-05,0.012785359,0.062022418
2016-12-06,0.023548968,0.06103124
2016-12-07,0.0635589,0.060302336
2016-12-08,0.021877782,0.058841087
2016-12-09,0.0015617664,0.057619326
2016-12-10,0.021457672,0.058932588
2016-12-11,0.063071154,0.059804138
2016-12-12,0.09871573,0.056118917
2016-12-13,0.12779284,0.055162158
2016-12-14,0.47957927,0.07133534
2016-12-15,0.28008762,0.06065124
2016-12-16,0.17139317,0.06608052
2016-12-17,0.00792727,0.04997866
2016-12-18,0.0019009402,0.049073286
2016-12-19,0.0018086109,0.0481653
2016-12-20,0.0010070781,0.047081556
2016-12-21,0.0043663,0.046453647
2016-12-22,0.00511609,0.045741122
2016-12-23,0.008335038,0.04603057
2016-12-24,0.002779137,0.043723878
2016-12-25,0.0378275,0.04625297
2016-12-26,0.07895061,0.04480845
2016-12-27,0.014625063,0.041797243
2016-12-28,0.015790455,0.040850516
2016-12-29,0.003489527,0.039948937
2016-12-30,0.006801991,0.03930779
2016-12-31,0.009897991,0.03877678
2017-01-01,0.044186592,0.038664993
2017-01-02,0.004117794,0.037086133
2017-01-03,0.0073348423,0.036544736
2017-01-04,0.00014027415,0.03565978
2017-01-05,1.2342226e-05,0.03500902
2017-01-06,1.5190432e-05,0.03438497
2017-01-07,0.0,0.03377569
2017-01-08,0.0,0.0331924
2017-01-09,0.0,0.032594986
2017-01-10,0.0,0.03205941
2017-01-11,8.069917e-06,0.031514805
2017-01-12,0.0,0.030954896
2017-01-13,0.0003078436,0.030408753
2017-01-14,0.00023758785,0.029845105
2017-01-15,0.00047588776,0.029364884
2017-01-16,2.3260349e-05,0.028893152
2017-01-17,0.0,0.02843091
2017-01-18,9.25667e-05,0.027885716
2017-01-19,0.00028553265,0.0274268
2017-01-20,0.011458808,0.027101275
2017-01-21,0.0011164967,0.026554655
2017-01-22,0.0003849825,0.026129322
2017-01-23,0.0013237037,0.025683936
2017-01-24,0.23941024,0.029136078
2017-01-25,0.4749889,0.028692354
2017-01-26,0.36831006,0.030351551
2017-01-27,0.14220452,0.026895015
2017-01-28,0.108628206,0.02575158
2017-01-29,0.09457325,0.02448389
2017-01-30,0.4015363,0.030629134
2017-01-31,0.32067,0.030275125
2017-02-01,0.048926245,0.024465615
2017-02-02,0.051290732,0.026066188
2017-02-03,0.023137877,0.022721682
2017-02-04,0.043832704,0.024634846
2017-02-05,0.06559632,0.025782673
2017-02-06,0.050856143,0.023967179
2017-02-07,0.116733015,0.0288871
2017-02-08,0.074182004,0.02223559
2017-02-09,0.5632631,0.02663144
2017-02-10,0.0799216,0.022056151
2017-02-11,0.0599113,0.02132796
2017-02-12,0.1255183,0.021849182
2017-02-13,0.5050688,0.03178194
2017-02-14,0.45535362,0.0495341
2017-02-15,0.12201406,0.033593167
2017-02-16,0.30525482,0.032602463
2017-02-17,0.39729223,0.033177804
2017-02-18,0.4548272,0.048602026
2017-02-19,0.51010257,0.05615897
2017-02-20,0.28016332,0.042163655
2017-02-21,0.4082462,0.048277806
2017-02-22,0.10378507,0.023448331
2017-02-23,0.013965466,0.017234614
2017-02-24,0.14274782,0.025457205
2017-02-25,0.23434375,0.03587422
2017-02-26,0.24853754,0.024902932
2017-02-27,0.3844684,0.03689946
2017-02-28,0.3647809,0.028367063
2017-03-01,0.48509076,0.028622096
2017-03-02,0.443225,0.023033442
2017-03-03,0.56741726,0.024538243
2017-03-04,0.3042233,0.024872672
2017-03-05,0.041956685,0.015771704
2017-03-06,0.17393947,0.021959193
2017-03-07,0.08736991,0.019769993
2017-03-08,0.24191095,0.021129297
2017-03-09,0.25257653,0.021336978
2017-03-10,0.10534968,0.017502228
2017-03-11,0.7972024,0.06981582
2017-03-12,0.20506799,0.015840534
2017-03-13,0.274029,0.015482492
2017-03-14,0.1173722,0.01549424
2017-03-15,1.2543625,0.08504346
2017-03-16,2.070991,0.053452283
2017-03-17,0.9219018,0.05371218
2017-03-18,0.370962,0.028005045
2017-03-19,0.6461414,0.03127247
2017-03-20,0.96895117,0.0594061
2017-03-21,0.54819375,0.030569438
2017-03-22,0.9830148,0.060704526
2017-03-23,1.8565108,0.10357916
2017-03-24,1.7864319,0.040657785
2017-03-25,1.4149914,0.049947802
2017-03-26,0.58168536,0.043887176
2017-03-27,0.686716,0.03796783
2017-03-28,0.88755935,0.04585885
2017-03-29,1.8745668,0.09630437
2017-03-30,0.71479434,0.03426653
2017-03-31,0.91287357,0.05402964
2017-04-01,0.49658376,0.024973605
2017-04-02,1.4017942,0.11246438
2017-04-03,1.4846152,0.10869383
2017-04-04,0.56872666,0.04541405
2017-04-05,0.94193095,0.065552644
2017-04-06,1.661851,0.07352501
2017-04-07,1.9800057,0.1387621
2017-04-08,0.9560065,0.046645902
2017-04-09,1.1008189,0.049183298
2017-04-10,1.5131683,0.051215846
2017-04-11,1.1054108,0.03467513
2017-04-12,2.1087842,0.14016686
2017-04-13,1.0479302,0.04632512
2017-04-14,4.45447,0.2383037
2017-04-15,3.3490021,0.1869503
2017-04-16,1.8728281,0.13178079
2017-04-17,1.7276859,0.10387787
2017-04-18,2.5886488,0.1585435
2017-04-19,1.4737219,0.1361477
2017-04-20,1.8093812,0.2522613
2017-04-21,2.1721997,0.18383272
2017-04-22,3.8333948,0.23237729
2017-04-23,2.6850488,0.23525676
2017-04-24,5.4164486,0.59258544
2017-04-25,6.1271734,0.41288534
2017-04-26,0.75397164,0.08539592
2017-04-27,2.6996276,0.23352833
2017-04-28,1.7098492,0.13900575
2017-04-29,4.134608,0.4372592
2017-04-30,3.5268457,0.21837136
2017-05-01,1.769369,0.35556647
2017-05-02,2.0678918,0.15506607
2017-05-03,1.5806003,0.15495126
2017-05-04,2.8555868,0.27190933
2017-05-05,4.0119944,0.33561158
2017-05-06,6.274966,0.8449526
2017-05-07,4.409878,0.47474125
2017-05-08,1.8425548,0.19601579
2017-05-09,1.4908001,0.12856305
2017-05-10,2.572787,0.31708673
2017-05-11,2.5719395,0.2910028
2017-05-12,1.9245466,0.21645214
2017-05-13,3.220758,0.27035645
2017-05-14,6.177393,0.43746045
2017-05-15,3.5845609,0.2899183
2017-05-16,3.099209,0.18964899
2017-05-17,6.7438197,0.47733143
2017-05-18,5.455425,0.4826209
2017-05-19,3.4892836,0.29435578
2017-05-20,1.1095043,0.14275838
2017-05-21,2.474762,0.21647684
2017-05-22,6.742371,0.38546646
2017-05-23,4.9021344,0.38279697
2017-05-24,1.3387842,0.24022363
2017-05-25,3.6310823,0.32605693
2017-05-26,4.67073,0.55784285
2017-05-27,5.9608216,0.55697036
2017-05-28,4.5413756,0.34920514
2017-05-29,2.9645,0.22523767
2017-05-30,5.068156,0.29557282
2017-05-31,4.6387153,0.3102043
2017-06-01,2.8782384,0.33978257
2017-06-02,5.4166203,0.42002517
2017-06-03,6.310799,0.415049
2017-06-04,1.2450833,0.20683672
2017-06-05,0.9470375,0.1557418
2017-06-06,3.0321653,0.27768347
2017-06-07,3.5847983,0.36126384
2017-06-08,2.595763,0.2737246
2017-06-09,0.9613877,0.16950767
2017-06-10,1.8099889,0.17524679
2017-06-11,2.5546105,0.24220265
2017-06-12,2.876063,0.24572314
2017-06-13,3.2075381,0.2850271
2017-06-14,6.4461484,0.41193628
2017-06-15,3.8406384,0.31668872
2017-06-16,0.88427705,0.208987
2017-06-17,3.893473,0.45428354
2017-06-18,4.886295,0.53758097
2017-06-19,2.7451856,0.3116863
2017-06-20,1.5895854,0.34082153
2017-06-21,1.6496195,0.38761663
2017-06-22,2.3451731,0.216971
2017-06-23,5.156164,0.31892288
2017-06-24,5.3135014,0.4614756
2017-06-25,1.0196702,0.38626146
2017-06-26,0.7043127,0.24282356
2017-06-27,5.2353215,0.40338704
2017-06-28,8.242066,0.7522232
2017-06-29,2.667251,0.35484874
2017-06-30,1.2664802,0.21003312
2017-07-01,2.9916692,0.30597138
2017-07-02,2.7585876,0.29030615
2017-07-03,3.6435251,0.3430053
2017-07-04,6.081767,0.49862796
2017-07-05,3.36532,0.3492016
2017-07-06,3.6574986,0.48809195
2017-07-07,4.8868055,0.43371886
2017-07-08,4.219714,0.3363958
2017-07-09,6.233874,0.40450054
2017-07-10,3.8990827,0.39276502
2017-07-11,4.173219,0.4122016
2017-07-12,4.6900907,0.43295294
2017-07-13,4.3928504,0.505668
2017-07-14,1.265157,0.21888013
2017-07-15,2.790485,0.33052316
2017-07-16,7.723937,0.50764376
2017-07-17,6.085776,0.54441154
2017-07-18,2.5771146,0.33882353
2017-07-19,4.257619,0.5047821
2017-07-20,4.304806,0.39657423
2017-07-21,2.2984998,0.27781093
2017-07-22,2.794008,0.23833966
2017-07-23,6.6333833,0.69134074
2017-07-24,6.1752024,0.59421563
2017-07-25,5.370469,0.472916
2017-07-26,2.581001,0.33247226
2017-07-27,4.6460567,0.49007183
2017-07-28,3.6892025,0.360937
2017-07-29,3.2878642,0.41959888
2017-07-30,6.6784043,0.75950927
2017-07-31,6.1516285,0.6828179
2017-08-01,2.6532726,0.40805003
2017-08-02,2.3345811,0.3211836
2017-08-03,4.58737,0.5418695
2017-08-04,3.3845093,0.36472547
2017-08-05,5.6747313,0.61832994
2017-08-06,5.9482694,0.5861873
2017-08-07,6.0019574,0.64970696
2017-08-08,3.372548,0.43094128
2017-08-09,5.532227,0.63538086
2017-08-10,2.6595974,0.3533195
2017-08-11,4.650285,0.4760444
2017-08-12,4.1810136,0.49656764
2017-08-13,2.2450693,0.29678497
2017-08-14,5.1420174,0.5854425
2017-08-15,6.33802,0.68324274
2017-08-16,6.16387,0.61725587
2017-08-17,2.5332196,0.6859152
2017-08-18,2.5979266,0.51388127
2017-08-19,3.8044178,0.38151982
2017-08-20,6.1919446,0.6706276
2017-08-21,7.098807,1.1392549
2017-08-22,6.169887,0.66686475
2017-08-23,2.091306,0.3583392
2017-08-24,4.3503213,0.4345539
2017-08-25,8.001616,0.8069355
2017-08-26,2.8316157,0.4357717
2017-08-27,3.7313745,0.48851827
2017-08-28,8.936099,0.90427065
2017-08-29,7.7107263,0.65202546
2017-08-30,2.8802361,0.42623404
2017-08-31,3.3923974,0.3763109
2017-09-01,3.9198892,0.49436796
2017-09-02,8.972742,0.8881146
2017-09-03,5.788786,0.69490576
2017-09-04,4.7026215,0.502435
2017-09-05,6.7627673,0.658012
2017-09-06,2.5409338,0.42689648
2017-09-07,3.0756543,0.67635673
2017-09-08,3.1151526,0.4048954
2017-09-09,4.817176,0.6196208
2017-09-10,4.8058987,0.6974991
2017-09-11,2.7342658,0.44083345
2017-09-12,4.4970574,0.51192373
2017-09-13,5.6371655,0.92227685
2017-09-14,9.639666,1.3515892
2017-09-15,3.53583,0.499331
2017-09-16,2.637292,0.5014428
2017-09-17,3.7578328,0.56891435
2017-09-18,8.369869,1.0200162
2017-09-19,2.637817,0.45887163
2017-09-20,4.976404,0.8410603
2017-09-21,8.87366,1.2380308
2017-09-22,2.6087627,0.5230408
2017-09-23,2.5013282,0.41728354
2017-09-24,7.196612,0.89141303
2017-09-25,3.7457707,0.61958605
2017-09-26,1.6548592,0.44070494
2017-09-27,1.6682911,0.38773224
2017-09-28,3.8621373,0.5714981
2017-09-29,4.133743,0.587428
2017-09-30,5.275443,0.76310647
2017-10-01,1.3012993,0.59827065
2017-10-02,3.3269224,0.45184845
2017-10-03,2.234081,0.39701357
2017-10-04,1.6261948,0.35897493
2017-10-05,1.7056049,0.31857494
2017-10-06,2.2122543,0.34132272
2017-10-07,2.4452713,0.4392732
2017-10-08,2.4884832,0.44761825
2017-10-09,4.857985,0.6183904
2017-10-10,3.5851812,0.5442725
2017-10-11,5.502534,0.5941162
2017-10-12,4.984523,1.0289788
2017-10-13,2.9132774,0.42310798
2017-10-14,5.060757,0.8495739
2017-10-15,6.124829,0.8252013
2017-10-16,1.0140855,0.47667375
2017-10-17,0.8345115,0.34806395
2017-10-18,3.5632899,0.6659808
2017-10-19,5.0076923,0.86560506
2017-10-20,1.4595954,0.54200906
2017-10-21,1.7920675,0.4539022
2017-10-22,1.7001122,0.4339173
2017-10-23,2.7468925,0.5048496
2017-10-24,3.4062395,0.5611438
2017-10-25,2.8338132,0.50461686
2017-10-26,1.4773614,0.34126186
2017-10-27,0.6924158,0.28365865
2017-10-28,1.8675898,0.3352519
2017-10-29,3.605705,0.46611848
2017-10-30,3.2989092,0.5671984
2017-10-31,2.2468772,0.49015433
2017-11-01,1.1567856,0.31645256
2017-11-02,2.472836,0.46553886
2017-11-03,5.9217668,1.0131922
2017-11-04,6.1768074,0.8613795
2017-11-05,2.1668253,0.40839463
2017-11-06,1.6291128,0.5607635
2017-11-07,2.0318577,0.47439638
2017-11-08,0.6455283,0.3153904
2017-11-09,0.7728182,0.3160158
2017-11-10,0.93092996,0.3061031
2017-11-11,1.8417867,0.44542393
2017-11-12,2.4660432,0.5588111
2017-11-13,1.2541754,0.36154962
2017-11-14,0.5316433,0.2637795
2017-11-15,0.3210315,0.2349789
2017-11-16,0.28521723,0.23130375
2017-11-17,0.08424567,0.2179147
2017-11-18,0.42884347,0.21972646
2017-11-19,0.36124578,0.20780736
2017-11-20,0.07058971,0.19702822
2017-11-21,0.037009828,0.18979412
2017-11-22,0.014950708,0.18283702
2017-11-23,0.019406013,0.17664729
2017-11-24,0.18404157,0.18489295
2017-11-25,0.5448824,0.19285564
2017-11-26,0.23757978,0.17512599
2017-11-27,0.042464618,0.15531802
2017-11-28,0.4192417,0.1807812
2017-11-29,0.42338488,0.17081167
2017-11-30,0.4199706,0.159092
2017-12-01,0.67768055,0.1754743
2017-12-02,0.057291426,0.13828278
2017-12-03,0.007733117,0.12799825
2017-12-04,0.004541227,0.124152765
2017-12-05,0.014438269,0.12311987
2017-12-06,0.054781444,0.12043852
2017-12-07,0.01370533,0.11327707
2017-12-08,0.002559825,0.10987922
2017-12-09,0.004831032,0.10687228
2017-12-10,0.032581814,0.104111426
2017-12-11,0.030076819,0.101240195
2017-12-12,0.0013476762,0.098093756
2017-12-13,0.0017965059,0.095349334
2017-12-14,0.00073816004,0.09261749
2017-12-15,0.0009323128,0.090133615
2017-12-16,0.001152574,0.08766469
2017-12-17,0.0040425537,0.08553519
2017-12-18,0.0037783827,0.08343671
2017-12-19,0.010294128,0.08180962
2017-12-20,0.04835352,0.08040794
2017-12-21,0.0041588554,0.07695711
2017-12-22,0.002457527,0.07503539
2017-12-23,0.00083404966,0.07309779
2017-12-24,0.012479889,0.071437396
2017-12-25,0.00023022998,0.06969561
2017-12-26,0.0014127102,0.06803023
2017-12-27,0.00063064025,0.06640842
2017-12-28,0.0016106606,0.064955294
2017-12-29,0.0020756302,0.063566856
2017-12-30,0.114523984,0.06303169
2017-12-31,0.012773966,0.060844563
2018-01-01,0.0034484654,0.0594169
2018-01-02,0.0032410212,0.058234002
2018-01-03,0.004299842,0.05700471
2018-01-04,0.006478245,0.05581214
2018-01-05,0.0017544948,0.054384004
2018-01-06,0.0017480864,0.053323757
2018-01-07,0.00083096407,0.05213902
2018-01-08,0.0010797074,0.05103902
2018-01-09,0.00016519595,0.050019957
2018-01-10,0.000811264,0.04896648
2018-01-11,0.00073436246,0.04799773
2018-01-12,0.0010742485,0.047127604
2018-01-13,0.00052383257,0.046173215
2018-01-14,0.005975536,0.04523628
2018-01-15,0.01714264,0.04441457
2018-01-16,0.000428655,0.04351584
2018-01-17,8.639558e-05,0.042657226
2018-01-18,6.076173e-05,0.041873258
2018-01-19,0.000488942,0.041062824
2018-01-20,0.009444889,0.04071202
2018-01-21,0.04395731,0.0440729
2018-01-22,0.015500649,0.03963077
2018-01-23,0.01942073,0.039748494
2018-01-24,0.1052945,0.040382102
2018-01-25,0.034046505,0.037655894
2018-01-26,0.018460171,0.03689044
2018-01-27,0.0034797955,0.035626072
2018-01-28,0.00050389516,0.03503887
2018-01-29,0.0002330782,0.034306522
2018-01-30,0.0009090524,0.033785537
2018-01-31,0.0035939612,0.033282947
2018-02-01,4.1298987e-05,0.032619435
2018-02-02,0.0007300902,0.032037217
2018-02-03,0.0024242979,0.03169733
2018-02-04,0.00674384,0.031383432
2018-02-05,0.0037871646,0.030791719
2018-02-06,0.000981919,0.030170929
2018-02-07,0.000147632,0.029632261
2018-02-08,1.424103e-05,0.029223425
2018-02-09,0.00035555108,0.028743502
2018-02-10,0.16599488,0.029356934
2018-02-11,0.020032384,0.027990151
2018-02-12,0.10832297,0.02819629
2018-02-13,0.21046178,0.028792514
2018-02-14,0.18152305,0.030875385
2018-02-15,0.35648954,0.029577788
2018-02-16,0.36341757,0.03234144
2018-02-17,0.61638856,0.04458997
2018-02-18,1.1520717,0.08053967
2018-02-19,0.61613697,0.054334518
2018-02-20,1.1349536,0.05603317
2018-02-21,0.79784703,0.0516737
2018-02-22,0.6591105,0.04734751
2018-02-23,1.5226694,0.08120069
2018-02-24,2.3219974,0.098730154
2018-02-25,1.3396871,0.0904017
2018-02-26,0.88747966,0.04604659
2018-02-27,2.3267052,0.109780475
2018-02-28,1.2518691,0.04651168
2018-03-01,1.6262321,0.046915766
2018-03-02,2.6661081,0.11398099
2018-03-03,0.3219771,0.038189698
2018-03-04,1.4027652,0.08046644
2018-03-05,0.55973303,0.04433209
2018-03-06,0.51474917,0.04171103
2018-03-07,0.46181285,0.032328445
2018-03-08,0.97658265,0.069959536
2018-03-09,0.41856095,0.03797442
2018-03-10,0.5690592,0.043965977
2018-03-11,1.0442953,0.049787827
2018-03-12,2.3387835,0.09944262
2018-03-13,1.4041648,0.083629385
2018-03-14,0.73517233,0.07858877
2018-03-15,1.2601494,0.096025124
2018-03-16,0.5084344,0.052651934
2018-03-17,0.3668316,0.033155728
2018-03-18,2.0209606,0.11262376
2018-03-19,2.0003476,0.11937164
2018-03-20,1.6345484,0.096698195
2018-03-21,2.7584856,0.18159473
2018-03-22,0.95519954,0.08267155
2018-03-23,2.273771,0.24012786
2018-03-24,2.2260706,0.1863167
2018-03-25,1.1203855,0.12562226
2018-03-26,1.2058378,0.071693026
2018-03-27,1.7178419,0.10334157
2018-03-28,1.9971731,0.089223616
2018-03-29,4.5945067,0.18825799
2018-03-30,3.4292004,0.21225971
2018-03-31,0.82563245,0.07884458
2018-04-01,0.5376886,0.07648644
2018-04-02,1.2512287,0.103338964
2018-04-03,3.5871625,0.32725316
2018-04-04,3.0871296,0.27499327
2018-04-05,2.6075566,0.22607256
2018-04-06,2.114065,0.22060412
2018-04-07,3.8096087,0.24623464
2018-04-08,4.284576,0.2665744
2018-04-09,0.6130552,0.0944191
2018-04-10,1.8703198,0.16306193
2018-04-11,1.9857788,0.15581788
2018-04-12,1.0498369,0.12400342
2018-04-13,2.4124453,0.33349025
2018-04-14,2.651261,0.24982707
2018-04-15,0.6035014,0.10866452
2018-04-16,3.8707058,0.27419764
2018-04-17,0.7899822,0.12588407
2018-04-18,0.2871369,0.0838881
2018-04-19,0.65018725,0.095144324
2018-04-20,1.3748977,0.12410333
2018-04-21,4.27367,0.3418176
2018-04-22,1.8126714,0.19185707
2018-04-23,1.6273497,0.2265228
2018-04-24,4.752079,0.4894938
2018-04-25,2.1093185,0.31762126
2018-04-26,2.0460815,0.2392855
2018-04-27,2.177816,0.32380173
2018-04-28,1.1156857,0.18211536
2018-04-29,0.80518717,0.15283819
2018-04-30,1.2346287,0.17411463
2018-05-01,1.8607491,0.4639768
2018-05-02,0.36461952,0.109522305
2018-05-03,0.45030254,0.13158391
2018-05-04,1.5330365,0.1340177
2018-05-05,4.1164846,0.26161614
2018-05-06,2.9767778,0.24072908
2018-05-07,2.4005575,0.24846645
2018-05-08,2.6887913,0.25801435
2018-05-09,5.885599,0.29580602
2018-05-10,3.4383867,0.26285917
2018-05-11,1.5058403,0.15275711
2018-05-12,0.9272121,0.12750784
2018-05-13,2.4217727,0.20709127
2018-05-14,4.1968513,0.26613435
2018-05-15,10.803069,1.0191565
2018-05-16,1.8286767,0.2733269
2018-05-17,1.1618536,0.1913874
2018-05-18,1.5528517,0.22175373
2018-05-19,3.4821968,0.31543916
2018-05-20,3.1593835,0.30249703
2018-05-21,6.9625425,0.81482357
2018-05-22,4.9161863,0.39745125
2018-05-23,5.379411,0.48240706
2018-05-24,2.6408875,0.30313483
2018-05-25,5.919043,0.4247639
2018-05-26,3.3456228,0.48655143
2018-05-27,4.2267523,0.38817012
2018-05-28,5.838196,0.39932832
2018-05-29,6.979536,0.44269276
2018-05-30,5.0376086,0.4338246
2018-05-31,3.5316496,0.3324924
2018-06-01,3.2099574,0.3539449
2018-06-02,3.5827868,0.38451055
2018-06-03,4.013255,0.5145757
2018-06-04,6.8860507,0.7959321
2018-06-05,6.5312247,1.3091979
2018-06-06,2.3532395,0.42694622
2018-06-07,2.306593,0.342448
2018-06-08,1.5270917,0.31439233
2018-06-09,1.3974644,0.30071643
2018-06-10,2.2046628,0.37040028
2018-06-11,1.8133284,0.23648001
2018-06-12,2.12867,0.42952466
2018-06-13,2.197313,0.28985563
2018-06-14,1.3352855,0.21574235
2018-06-15,1.32778,0.24608962
2018-06-16,0.92626625,0.21067195
2018-06-17,3.2841048,0.27729028
2018-06-18,9.7581,0.6748448
2018-06-19,6.2380443,0.7992823
2018-06-20,3.4981956,0.4588835
2018-06-21,3.1591897,0.35149792
2018-06-22,3.628962,0.3547296
2018-06-23,3.2930732,0.40509036
2018-06-24,1.4653256,0.2707329
2018-06-25,3.8512452,0.39605254
2018-06-26,3.865908,0.34995443
2018-06-27,3.0690696,0.4186399
2018-06-28,5.4481125,0.4361084
2018-06-29,6.018783,0.5374821
2018-06-30,6.7190113,0.6160197
2018-07-01,4.1019063,0.47825307
2018-07-02,3.7604442,0.50174296
2018-07-03,3.036306,0.37879977
2018-07-04,4.4573183,0.4476401
2018-07-05,3.7183216,0.39871514
2018-07-06,1.1088088,0.25200808
2018-07-07,1.7368493,0.25467473
2018-07-08,2.4262104,0.2882432
2018-07-09,3.3383048,0.29901072
2018-07-10,5.085236,0.3893335
2018-07-11,3.8798878,0.31841356
2018-07-12,2.4901671,0.252073
2018-07-13,1.7264857,0.2902093
2018-07-14,3.5718088,0.31674153
2018-07-15,5.6630707,0.45059627
2018-07-16,4.2456775,0.3313198
2018-07-17,2.9598422,0.2800958
2018-07-18,2.6900392,0.29812804
2018-07-19,2.6593502,0.26499328
2018-07-20,1.306302,0.22890794
2018-07-21,1.9548112,0.30832326
2018-07-22,4.328065,0.3739723
2018-07-23,3.558506,0.34148115
2018-07-24,4.3093033,0.29423368
2018-07-25,4.290084,0.3188798
2018-07-26,4.2049947,0.44079918
2018-07-27,2.9889798,0.44118428
2018-07-28,4.822482,0.39857593
2018-07-29,3.4022925,0.3559016
2018-07-30,4.0553813,0.3733878
2018-07-31,6.617625,0.5323501
2018-08-01,2.720113,0.5912933
2018-08-02,4.6650763,0.53833777
2018-08-03,3.3037128,0.39159995
2018-08-04,4.89192,0.35764638
2018-08-05,4.2293286,0.41291
2018-08-06,4.9836864,0.3864428
2018-08-07,8.887202,0.68289036
2018-08-08,1.265297,0.27831045
2018-08-09,1.6661894,0.2664033
2018-08-10,3.6778953,0.38566032
2018-08-11,5.0643926,0.39525458
2018-08-12,4.2926054,0.52355945
2018-08-13,2.4571862,0.2571593
2018-08-14,1.365818,0.23408729
2018-08-15,5.8331985,0.43156978
2018-08-16,5.0163403,0.40990004
2018-08-17,4.435019,0.4164292
2018-08-18,4.0378385,0.35163668
2018-08-19,4.4543443,0.42404163
2018-08-20,7.777844,0.723274
2018-08-21,5.44695,0.6637667
2018-08-22,5.8501515,0.5052547
2018-08-23,9.228111,1.0085567
2018-08-24,5.254196,0.8050659
2018-08-25,5.2279906,0.7259767
2018-08-26,4.4031615,0.5142506
2018-08-27,5.4977655,0.6027177
2018-08-28,8.847328,1.1951033
2018-08-29,4.8486824,0.5788918
2018-08-30,5.1417303,0.5455102
2018-08-31,4.848057,0.6602401
2018-09-01,2.9492197,0.38955578
2018-09-02,6.3910475,0.849882
2018-09-03,8.435614,1.0984122
2018-09-04,4.2785206,0.5762591
2018-09-05,1.3247405,0.3587414
2018-09-06,4.891445,0.6922115
2018-09-07,8.12292,0.8403349
2018-09-08,3.3147678,0.479617
2018-09-09,1.096286,0.33014587
2018-09-10,2.0600278,0.33690396
2018-09-11,5.49219,0.49876526
2018-09-12,6.939077,0.8104098
2018-09-13,2.1973417,0.48410493
2018-09-14,2.640049,0.5724616
2018-09-15,3.6211984,0.44298396
2018-09-16,1.0253738,0.2921596
2018-09-17,3.6354501,0.51010346
2018-09-18,6.3144455,0.57460946
2018-09-19,1.5775112,0.30324006
2018-09-20,1.8792912,0.33411914
2018-09-21,2.9242468,0.41015485
2018-09-22,2.7169094,0.3652163
2018-09-23,1.685626,0.3136835
2018-09-24,2.805836,0.33343175
2018-09-25,2.429873,0.32254046
2018-09-26,0.5122107,0.23857737
2018-09-27,0.9405325,0.23430161
2018-09-28,1.6769053,0.28879848
2018-09-29,5.0061207,0.42974183
2018-09-30,3.4062998,0.42679086
2018-10-01,1.6259711,0.40131256
2018-10-02,4.371007,0.5283368
2018-10-03,3.2233171,0.44571766
2018-10-04,0.8577543,0.2330541
2018-10-05,1.3454275,0.25444472
2018-10-06,2.9519863,0.31266683
2018-10-07,3.7331243,0.35446766
2018-10-08,2.555283,0.3195422
2018-10-09,5.5874605,0.6539689
2018-10-10,4.8801236,0.4295623
2018-10-11,3.1038213,0.5924983
2018-10-12,3.2809231,0.58372295
2018-10-13,3.4150898,0.557169
2018-10-14,4.501414,0.50369954
2018-10-15,1.4900775,0.35765716
2018-10-16,2.0135806,0.46647438
2018-10-17,3.0077717,0.7310012
2018-10-18,5.62209,0.78369194
2018-10-19,6.104334,0.68880063
2018-10-20,0.9178638,0.28453755
2018-10-21,0.42235288,0.2588305
2018-10-22,0.5640815,0.25798932
2018-10-23,1.5781482,0.3465334
2018-10-24,1.9421777,0.3735454
2018-10-25,1.2371696,0.33073062
2018-10-26,1.7221955,0.37263995
2018-10-27,2.7504942,0.37529126
2018-10-28,2.5032501,0.38684717
2018-10-29,1.3600111,0.30331197
2018-10-30,2.6436765,0.3428694
2018-10-31,2.2229714,0.45447472
2018-11-01,1.898192,0.3935935
2018-11-02,3.1052659,0.52314633
2018-11-03,2.7909205,0.4924382
2018-11-04,2.557067,0.50089353
2018-11-05,1.6786021,0.30475283
2018-11-06,0.7372764,0.2335071
2018-11-07,0.47224087,0.20614484
2018-11-08,0.621962,0.26566085
2018-11-09,0.46811762,0.19563971
2018-11-10,1.9590095,0.28710806
2018-11-11,0.44663003,0.19011122
2018-11-12,0.20084055,0.17899391
2018-11-13,0.7358791,0.2646648
2018-11-14,0.17276458,0.16763045
2018-11-15,1.4893445,0.30989128
2018-11-16,2.391303,0.45445454
2018-11-17,1.088267,0.322417
2018-11-18,0.4512572,0.18912871
2018-11-19,0.32515976,0.16256884
2018-11-20,0.33605057,0.15549032
2018-11-21,0.05419685,0.14637655
2018-11-22,0.032009564,0.13294369
2018-11-23,0.024687774,0.12561704
2018-11-24,0.0038011684,0.12194143
2018-11-25,0.036561944,0.11834237
2018-11-26,0.19971074,0.12190761
2018-11-27,0.33383134,0.14057784
2018-11-28,0.31572366,0.13350497
2018-11-29,0.10554716,0.11490079
2018-11-30,0.07635376,0.10750566
2018-12-01,0.08183869,0.10603551
2018-12-02,0.624365,0.11911566
2018-12-03,1.6421436,0.15443525
2018-12-04,0.9779596,0.13374874
2018-12-05,0.74126416,0.12135838
2018-12-06,0.050721325,0.090728894
2018-12-07,0.020292757,0.08769104
2018-12-08,0.36935276,0.09718975
2018-12-09,1.1344296,0.15000778
2018-12-10,0.42622027,0.12683608
2018-12-11,0.49936363,0.11042388
2018-12-12,0.35733238,0.1104898
2018-12-13,0.31387419,0.090360284
2018-12-14,0.24041446,0.10255239
2018-12-15,0.118399926,0.07942769
2018-12-16,0.34833252,0.12715839
2018-12-17,0.13500614,0.081948705
2018-12-18,0.097707234,0.07361562
2018-12-19,0.031856712,0.072438896
2018-12-20,0.006910697,0.066073515
2018-12-21,0.03024676,0.06979612
2018-12-22,0.013944579,0.064004175
2018-12-23,0.018364046,0.06281848
2018-12-24,0.017536167,0.061774388
2018-12-25,0.015227933,0.0607806
2018-12-26,0.0029039835,0.058374576
2018-12-27,0.040121492,0.059629563
2018-12-28,0.20451781,0.071601644
2018-12-29,0.3073803,0.07827404
2018-12-30,0.41655913,0.07137836
2018-12-31,0.13900812,0.06025736
2019-01-01,0.08634052,0.056739822
2019-01-02,0.07505996,0.06585254
2019-01-03,0.025147524,0.05104816
2019-01-04,0.0590191,0.049181398
2019-01-05,0.17346098,0.049523063
2019-01-06,0.13562137,0.047863152
2019-01-07,0.14097007,0.047647282
2019-01-08,0.007197654,0.04513766
2019-01-09,0.006147615,0.044314407
2019-01-10,0.012502438,0.043507177
2019-01-11,0.00046829254,0.042545315
2019-01-12,0.0023886955,0.041729067
2019-01-13,0.0129906675,0.040995892
2019-01-14,0.34289578,0.04294418
2019-01-15,0.27370384,0.04154963
2019-01-16,0.32736686,0.04294252
2019-01-17,0.06434074,0.038470242
2019-01-18,0.013957396,0.037423056
2019-01-19,0.012893592,0.03744192
2019-01-20,0.020119015,0.037576266
2019-01-21,0.018475126,0.037302483
2019-01-22,0.0011656283,0.034780394
2019-01-23,0.0041792677,0.0342638
2019-01-24,0.0073832623,0.034268368
2019-01-25,0.012174183,0.0331816
2019-01-26,0.035839215,0.03265053
2019-01-27,0.053187873,0.03211815
2019-01-28,0.3410513,0.033932343
2019-01-29,0.44759724,0.03723804
2019-01-30,0.07550974,0.030808453
2019-01-31,0.009955192,0.029763991
2019-02-01,0.0023483457,0.029225796
2019-02-02,0.0016906477,0.028776849
2019-02-03,0.01588492,0.028503066
2019-02-04,0.12531513,0.029169843
2019-02-05,0.27479044,0.029870324
2019-02-06,0.032649457,0.027891472
2019-02-07,0.022544025,0.026568895
2019-02-08,0.06673656,0.026415924
2019-02-09,0.13608277,0.027084066
2019-02-10,0.012556791,0.026431827
2019-02-11,0.010546433,0.025315093
2019-02-12,0.0074487706,0.024892015
2019-02-13,0.0060616946,0.02431205
2019-02-14,0.018417925,0.02443642
2019-02-15,0.19382754,0.027206775
2019-02-16,0.09480966,0.029493174
2019-02-17,0.08113162,0.028477432
2019-02-18,0.07656452,0.035469066
2019-02-19,0.0051825484,0.022179633
2019-02-20,0.039275575,0.025086287
2019-02-21,0.6432241,0.06825405
2019-02-22,0.7350738,0.05398573
2019-02-23,0.66509336,0.03646748
2019-02-24,1.6051463,0.059651878
2019-02-25,0.9233129,0.03501727
2019-02-26,0.052192427,0.020573422
2019-02-27,0.8341237,0.03340981
2019-02-28,0.6152999,0.029291425
2019-03-01,0.7838408,0.04371747
2019-03-02,0.2223471,0.026819538
2019-03-03,0.034327764,0.021086218
2019-03-04,0.1454612,0.026789514
2019-03-05,1.0249547,0.04890536
2019-03-06,0.8348146,0.036607042
2019-03-07,0.76155806,0.04840977
2019-03-08,0.08117671,0.024474515
2019-03-09,0.040852766,0.019934356
2019-03-10,0.016651798,0.018092517
2019-03-11,0.040785834,0.020637745
2019-03-12,0.023695888,0.017739458
2019-03-13,0.1705183,0.024486857
2019-03-14,0.027210811,0.017712757
2019-03-15,0.30597422,0.027320348
2019-03-16,0.36091113,0.03661725
2019-03-17,0.081809975,0.020781105
2019-03-18,0.08890058,0.020973478
2019-03-19,0.030273344,0.016535854
2019-03-20,0.07757113,0.024920497
2019-03-21,0.096582904,0.01801977
2019-03-22,0.2744892,0.022551026
2019-03-23,0.205987,0.02215845
2019-03-24,1.4117074,0.027781164
2019-03-25,1.1261667,0.032978904
2019-03-26,0.6454531,0.020773746
2019-03-27,1.5269121,0.045287307
2019-03-28,1.4056822,0.068741694
2019-03-29,0.12652561,0.0192909
2019-03-30,0.42635268,0.045141574
2019-03-31,0.80307686,0.04662205
2019-04-01,0.8844765,0.03601236
2019-04-02,1.3494883,0.06396881
2019-04-03,0.30940893,0.03827704
2019-04-04,0.42587847,0.044238098
2019-04-05,0.1514263,0.020730074
2019-04-06,0.8114563,0.0628853
2019-04-07,0.77166134,0.04190625
2019-04-08,0.44150186,0.021192433
2019-04-09,3.334071,0.08136921
2019-04-10,2.846746,0.11392859
2019-04-11,1.2898637,0.082415804
2019-04-12,6.300809,0.30989006
2019-04-13,3.719663,0.21904913
2019-04-14,0.55234146,0.050721567
2019-04-15,1.0393602,0.08264461
2019-04-16,2.5463428,0.15605642
2019-04-17,0.5897144,0.08760215
2019-04-18,1.1222972,0.0798135
2019-04-19,1.3777382,0.12675989
2019-04-20,1.379192,0.15289894
2019-04-21,0.7573209,0.10683016
2019-04-22,2.832398,0.22512084
2019-04-23,0.46286717,0.084269635
2019-04-24,0.616869,0.06988062
2019-04-25,1.3951664,0.13590096
2019-04-26,2.8813157,0.24424839
2019-04-27,2.2599025,0.15484153
2019-04-28,1.1507227,0.1445899
2019-04-29,2.3552673,0.20243423
2019-04-30,4.906769,0.4137112
2019-05-01,1.3336036,0.18902606
2019-05-02,1.1681176,0.089614294
2019-05-03,1.1172572,0.088866286
2019-05-04,2.1961644,0.15113828
2019-05-05,2.4761722,0.19421312
2019-05-06,0.9696257,0.08966402
2019-05-07,3.7261992,0.234123
2019-05-08,3.098864,0.21375145
2019-05-09,2.5513222,0.18364307
2019-05-10,3.2399697,0.37401277
2019-05-11,4.534973,0.31511402
2019-05-12,3.721508,0.3230249
2019-05-13,2.2476683,0.26343128
2019-05-14,2.1569762,0.25244612
2019-05-15,1.7766699,0.19498901
2019-05-16,0.6281944,0.11122375
2019-05-17,2.7088127,0.30482358
2019-05-18,2.8677766,0.21377021
2019-05-19,5.454701,0.4091163
2019-05-20,4.2270937,0.32038793
2019-05-21,0.8873154,0.14773965
2019-05-22,1.814274,0.26843882
2019-05-23,4.049928,0.32647884
2019-05-24,5.323209,0.4016013
2019-05-25,1.1909959,0.2119534
2019-05-26,1.5129542,0.15405342
2019-05-27,7.020975,0.38300517
2019-05-28,6.4011855,0.5097699
2019-05-29,1.846119,0.21446446
2019-05-30,3.387465,0.29155827
2019-05-31,7.656125,0.5073096
2019-06-01,6.008303,0.39218703
2019-06-02,4.2431846,0.31458068
2019-06-03,9.006546,0.5441617
2019-06-04,8.615417,0.44618618
2019-06-05,6.2153163,0.4150501
2019-06-06,5.4123774,0.5221888
2019-06-07,4.4469337,0.55508405
2019-06-08,4.5057416,0.54028404
2019-06-09,8.005957,0.6928226
2019-06-10,9.05174,0.7252388
2019-06-11,3.7772303,0.38142604
2019-06-12,5.273605,0.38779998
2019-06-13,4.4685717,0.46634543
2019-06-14,7.5504713,0.7168519
2019-06-15,6.5104895,0.6495362
2019-06-16,4.600466,0.51369256
2019-06-17,5.8608336,0.5536937
2019-06-18,3.0013874,0.27856395
2019-06-19,1.9935621,0.32617596
2019-06-20,1.6971532,0.26508942
2019-06-21,6.2965107,0.57784665
2019-06-22,7.724842,1.3443077
2019-06-23,1.5522946,0.3837686
2019-06-24,3.3611524,0.32035375
2019-06-25,5.388053,0.5482669
2019-06-26,4.6894655,0.86073667
2019-06-27,2.6977363,0.37968352
2019-06-28,3.5326233,0.42225686
2019-06-29,4.0484524,0.50387174
2019-06-30,2.9288392,0.3226024
2019-07-01,3.1694145,0.4175871
2019-07-02,4.9278913,0.49975735
2019-07-03,4.939367,0.49742898
2019-07-04,1.4092107,0.32044467
2019-07-05,2.4835231,0.5494567
2019-07-06,5.6908164,0.5964681
2019-07-07,5.649495,0.5092703
2019-07-08,3.3394072,0.4324552
2019-07-09,2.2857625,0.6612227
2019-07-10,4.3559794,0.39827543
2019-07-11,11.498091,1.053777
2019-07-12,3.6120896,0.55832
2019-07-13,1.836644,0.32030058
2019-07-14,3.2322738,0.33526433
2019-07-15,3.4002607,0.43347216
2019-07-16,3.3587964,0.53544337
2019-07-17,4.195064,0.40165094
2019-07-18,3.4154525,0.37476304
2019-07-19,3.916074,0.4183915
2019-07-20,4.0305057,0.4899688
2019-07-21,7.519531,0.63762826
2019-07-22,5.226807,0.57001406
2019-07-23,2.0262291,0.28635842
2019-07-24,2.7869234,0.39435798
2019-07-25,2.9300427,0.5026069
2019-07-26,3.765825,0.47239026
2019-07-27,4.3994875,0.47279233
2019-07-28,4.610172,0.6196876
2019-07-29,4.943267,0.48969156
2019-07-30,7.3743405,0.72673285
2019-07-31,6.374003,0.78984773
2019-08-01,1.457412,0.30250713
2019-08-02,2.1607504,0.31254432
2019-08-03,8.497595,0.8292157
2019-08-04,8.167053,0.7229154
2019-08-05,3.4580266,0.4635663
2019-08-06,2.4420338,0.26864862
2019-08-07,4.035258,0.36555457
2019-08-08,7.06279,0.5757423
2019-08-09,7.4293776,0.8325567
2019-08-10,7.2297945,0.5806653
2019-08-11,6.3593745,0.48865554
2019-08-12,4.7279243,0.5592026
2019-08-13,3.654973,0.4593932
2019-08-14,5.6055856,0.5756571
2019-08-15,7.784537,0.8434956
2019-08-16,5.9838862,0.70926285
2019-08-17,3.2311366,0.50027394
2019-08-18,5.166773,0.55323815
2019-08-19,6.831876,0.7929353
2019-08-20,3.506922,0.5683067
2019-08-21,10.219662,1.3834642
2019-08-22,6.5391707,0.7959849
2019-08-23,3.709996,0.5093015
2019-08-24,2.8613014,0.50528175
2019-08-25,5.649647,0.6734691
2019-08-26,10.9315405,1.4341097
2019-08-27,3.8813052,0.49280944
2019-08-28,2.8858347,0.4621136
2019-08-29,3.439629,0.4851514
2019-08-30,6.8544383,0.84110856
2019-08-31,6.36453,0.8999415
2019-09-01,3.201736,0.48430255
2019-09-02,2.7294428,0.4307246
2019-09-03,6.769019,0.80803865
2019-09-04,5.7420206,0.7528116
2019-09-05,3.483946,0.55294144
2019-09-06,5.1950717,0.9235846
2019-09-07,3.793891,0.61456573
2019-09-08,7.621312,1.1155329
2019-09-09,4.6035767,0.7743111
2019-09-10,4.084489,0.6674065
2019-09-11,1.66273,0.46663275
2019-09-12,3.3235233,0.5322075
2019-09-13,4.2417326,0.6044522
2019-09-14,3.2781363,0.5288898
2019-09-15,2.5021427,0.4444921
2019-09-16,5.2283688,0.6466489
2019-09-17,7.9472632,0.8928358
2019-09-18,1.5939702,0.39977965
2019-09-19,0.5608901,0.31923714
2019-09-20,4.7674026,0.67335767
2019-09-21,3.62234,0.5881809
2019-09-22,1.2444246,0.36193803
2019-09-23,2.387467,0.46389943
2019-09-24,3.189185,0.44357628
2019-09-25,4.280871,0.5824525
2019-09-26,11.409547,1.2845023
2019-09-27,5.9648957,0.6593824
2019-09-28,2.049935,0.4009473
2019-09-29,6.542497,0.9057726
2019-09-30,11.175031,1.2987028
2019-10-01,4.398271,0.5430245
2019-10-02,4.4302297,0.568493
2019-10-03,8.363123,1.3498906
2019-10-04,10.133874,1.5192435
2019-10-05,6.364011,1.128627
2019-10-06,4.8736773,1.030114
2019-10-07,5.4679646,0.8005694
2019-10-08,8.553098,1.2903494
2019-10-09,4.148446,0.88627636
2019-10-10,6.009804,0.9500564
2019-10-11,5.673198,1.0634625
2019-10-12,10.17495,1.7140267
2019-10-13,8.152297,1.3053291
2019-10-14,3.380353,0.89686185
2019-10-15,6.0131545,0.995032
2019-10-16,9.991053,1.9775373
2019-10-17,6.7403994,1.5228946
2019-10-18,4.3162227,1.0137622
2019-10-19,4.5460005,1.0496002
2019-10-20,6.6092124,1.0317705
2019-10-21,7.607281,1.5644038
2019-10-22,7.2617726,1.4940355
2019-10-23,3.5189939,0.916276
2019-10-24,3.589365,0.8508659
2019-10-25,3.214272,0.7415601
2019-10-26,7.80032,1.3411385
2019-10-27,7.042235,1.6596695
2019-10-28,3.3623087,1.1411116
2019-10-29,2.1265337,0.6720582
2019-10-30,2.6143138,0.6959251
2019-10-31,2.87095,0.81335247
2019-11-01,1.307647,0.5726869
2019-11-02,0.813018,0.479343
2019-11-03,2.14319,0.5392801
2019-11-04,1.8072325,0.5608387
2019-11-05,3.0023415,0.75508404
2019-11-06,3.1999822,0.69102913
2019-11-07,2.7321522,0.647767
2019-11-08,2.6731126,0.6557689
2019-11-09,1.7733796,0.61166877
2019-11-10,0.6890691,0.46442485
2019-11-11,3.036731,0.85077804
2019-11-12,3.1518686,0.69894826
2019-11-13,1.7934531,0.5799391
2019-11-14,0.52184975,0.47308168
2019-11-15,0.48196608,0.4548151
2019-11-16,0.0882277,0.35706005
2019-11-17,0.40411225,0.36219335
2019-11-18,0.69522977,0.38113597
2019-11-19,0.8100778,0.35255197
2019-11-20,1.3113388,0.41657615
2019-11-21,0.63504905,0.34717366
2019-11-22,2.6526768,0.44722247
2019-11-23,4.55548,0.6401952
2019-11-24,3.097882,0.6184331
2019-11-25,1.0855441,0.42397508
2019-11-26,1.8714672,0.42003202
2019-11-27,1.1090063,0.30787078
2019-11-28,1.3017612,0.38432527
2019-11-29,0.23784964,0.27023008
2019-11-30,0.32830438,0.38516468
2019-12-01,0.41931883,0.30046183
2019-12-02,1.4164125,0.35165405
2019-12-03,0.42602396,0.26543227
2019-12-04,0.41394544,0.25332645
2019-12-05,0.23049605,0.2292546
2019-12-06,0.13056318,0.21842489
2019-12-07,0.2600837,0.22231482
2019-12-08,0.09294978,0.20573886
2019-12-09,0.99634135,0.26547927
2019-12-10,1.5439743,0.3005923
2019-12-11,1.0754693,0.2521162
2019-12-12,1.6347259,0.36607173
2019-12-13,1.2758263,0.26517385
2019-12-14,1.3827198,0.41923243
2019-12-15,1.8230437,0.29173368
2019-12-16,2.236426,0.3768153
2019-12-17,0.12578343,0.17816408
2019-12-18,0.062888384,0.17398801
2019-12-19,0.13520767,0.1787565
2019-12-20,0.050765,0.16830322
2019-12-21,0.15309227,0.16873164
2019-12-22,0.12585226,0.16730659
2019-12-23,0.12860742,0.1690078
2019-12-24,0.045580316,0.15344118
2019-12-25,0.16373624,0.159172
2019-12-26,0.1699655,0.15280175
2019-12-27,0.071913645,0.14842476
2019-12-28,0.011151201,0.13771409
2019-12-29,0.012909494,0.13475788
2019-12-30,0.0310172,0.13693331
2019-12-31,0.047501903,0.13430169
2020-01-01,0.0037021933,0.1250722
2020-01-02,0.019923676,0.12333563
2020-01-03,0.061574895,0.123543784
2020-01-04,0.16494556,0.12209547
2020-01-05,0.4115641,0.16731526
2020-01-06,0.2902075,0.13892552
2020-01-07,0.09403281,0.11450856
2020-01-08,0.39764088,0.11967379
2020-01-09,0.27215177,0.12760112
2020-01-10,0.17983122,0.117542855
2020-01-11,0.033721097,0.10557991
2020-01-12,0.05204242,0.10096724
2020-01-13,0.06924084,0.110116154
2020-01-14,0.004469547,0.0935282
2020-01-15,0.034116525,0.0930586
2020-01-16,0.004113047,0.08974531
2020-01-17,0.005293391,0.08773305
2020-01-18,0.007705346,0.08582155
2020-01-19,0.0008293027,0.08395823
2020-01-20,0.0010521747,0.08219092
2020-01-21,0.00034510763,0.08033852
2020-01-22,0.0017779926,0.07875646
2020-01-23,0.0035949105,0.07733153
2020-01-24,0.0026877571,0.075763114
2020-01-25,0.028417025,0.07474298
2020-01-26,0.3752127,0.080775715
2020-01-27,0.8901752,0.10551179
2020-01-28,1.5608267,0.15106541
2020-01-29,0.7629335,0.09396588
2020-01-30,0.45881206,0.08818414
2020-01-31,1.4199537,0.13324003
2020-02-01,0.6898096,0.12778251
2020-02-02,0.123393066,0.07192444
2020-02-03,0.44849655,0.09698521
2020-02-04,0.44140643,0.102586746
2020-02-05,0.55934066,0.10725685
2020-02-06,0.26931876,0.073506504
2020-02-07,0.049034953,0.060836256
2020-02-08,0.0322659,0.061534896
2020-02-09,0.03312511,0.058752082
2020-02-10,0.022845935,0.057960283
2020-02-11,0.009816342,0.056197714
2020-02-12,0.061889615,0.06056212
2020-02-13,0.2747548,0.081341915
2020-02-14,0.24439983,0.077662624
2020-02-15,0.11237739,0.06785613
2020-02-16,0.051550157,0.05676178
2020-02-17,0.05626204,0.052570406
2020-02-18,0.78128,0.06243339
2020-02-19,0.6632188,0.060172267
2020-02-20,0.3973148,0.065226234
2020-02-21,0.1208781,0.053237006
2020-02-22,0.09699969,0.05108471
2020-02-23,0.018737871,0.047054976
2020-02-24,0.070090316,0.055705808
2020-02-25,0.02505543,0.045535695
2020-02-26,0.0068243016,0.044214956
2020-02-27,0.043763634,0.04550531
2020-02-28,0.19600952,0.05579511
2020-02-29,0.14254867,0.057892397
2020-03-01,0.034960303,0.04218015
2020-03-02,0.070621036,0.042160925
2020-03-03,0.050619744,0.04129697
2020-03-04,0.2520266,0.043799475
2020-03-05,0.09112693,0.041980658
2020-03-06,0.064572625,0.046028078
2020-03-07,0.37605578,0.05067433
2020-03-08,1.750605,0.07251509
2020-03-09,0.57609665,0.051720336
2020-03-10,0.53216594,0.051692806
2020-03-11,1.1441759,0.07102797
2020-03-12,2.1957014,0.101078555
2020-03-13,1.12389,0.073289506
2020-03-14,0.516417,0.049571246
2020-03-15,0.3898418,0.060224365
2020-03-16,0.9325444,0.09408336
2020-03-17,0.7936597,0.080029845
2020-03-18,1.5766747,0.12136289
2020-03-19,0.45939332,0.06116499
2020-03-20,1.0618314,0.07961661
2020-03-21,3.0113435,0.20235543
2020-03-22,0.9091763,0.07070019
2020-03-23,0.34783643,0.048534498
2020-03-24,1.3243178,0.08675719
2020-03-25,0.5649597,0.06659806
2020-03-26,0.23587228,0.04864617
2020-03-27,0.346677,0.0634629
2020-03-28,0.4537973,0.060939502
2020-03-29,0.225506,0.039463438
2020-03-30,0.0654081,0.03243513
2020-03-31,0.35961685,0.050237846
2020-04-01,0.13264333,0.040053014
2020-04-02,0.19693589,0.040255833
2020-04-03,0.73207206,0.05275198
2020-04-04,0.64133555,0.07399532
2020-04-05,0.56423104,0.0652289
2020-04-06,0.34889406,0.046345297
2020-04-07,0.20209636,0.0438098
2020-04-08,1.5485667,0.07364227
2020-04-09,2.2051406,0.12476982
2020-04-10,0.9828791,0.08354299
2020-04-11,1.8684849,0.12673661
2020-04-12,3.3807385,0.22023374
2020-04-13,1.8382221,0.10742863
2020-04-14,1.2966944,0.0802113
2020-04-15,0.33829376,0.048469823
2020-04-16,0.28646663,0.034608193
2020-04-17,2.2919443,0.13607007
2020-04-18,1.0966934,0.079516456
2020-04-19,3.395861,0.19904368
2020-04-20,2.0976472,0.13892089
2020-04-21,0.8654269,0.12203804
2020-04-22,1.0712953,0.076237574
2020-04-23,0.6250001,0.076280534
2020-04-24,0.66464835,0.08550029
2020-04-25,0.5559895,0.05643566
2020-04-26,2.0526857,0.13749953
2020-04-27,3.0232482,0.2524073
2020-04-28,2.1186054,0.27636096
2020-04-29,0.7039623,0.1320941
2020-04-30,2.5298455,0.21027556
2020-05-01,2.2700937,0.1891121
2020-05-02,2.1891572,0.21373092
2020-05-03,2.1358335,0.15605415
2020-05-04,1.6191859,0.17461236
2020-05-05,2.7438915,0.21719007
2020-05-06,2.8678465,0.26721072
2020-05-07,3.2316704,0.24946867
2020-05-08,5.7380466,0.42510912
2020-05-09,5.536741,0.686723
2020-05-10,3.1312866,0.411752
2020-05-11,2.083748,0.24009736
2020-05-12,1.9868436,0.26994774
2020-05-13,0.52586925,0.12722628
2020-05-14,1.7931869,0.21639785
2020-05-15,1.1108067,0.17933564
2020-05-16,1.9579169,0.25422043
2020-05-17,3.790891,0.25025335
2020-05-18,1.4892808,0.19179712
2020-05-19,1.8470981,0.33148798
2020-05-20,5.2776346,0.27047122
2020-05-21,4.950802,0.28134626
2020-05-22,7.936388,0.44617385
2020-05-23,1.6662705,0.21262856
2020-05-24,1.0073969,0.16560538
2020-05-25,2.423387,0.25036326
2020-05-26,3.8518324,0.3490773
2020-05-27,2.1461222,0.28138283
2020-05-28,1.1005893,0.18411778
2020-05-29,2.8801825,0.332217
2020-05-30,1.0326481,0.1895246
2020-05-31,0.9400509,0.20695077
2020-06-01,1.2277924,0.19956027
2020-06-02,1.6610166,0.23758891
2020-06-03,2.8052104,0.2955427
2020-06-04,1.2349749,0.2299734
2020-06-05,1.0129198,0.17652719
2020-06-06,1.564585,0.21533267
2020-06-07,2.4664993,0.25846237
2020-06-08,5.1395726,0.47947982
2020-06-09,10.529847,0.8129429
2020-06-10,5.9782715,0.47089595
2020-06-11,2.8257587,0.32595155
2020-06-12,2.2415967,0.36433125
2020-06-13,3.1955724,0.40530044
2020-06-14,5.2112865,0.54804397
2020-06-15,2.7954104,0.27712202
2020-06-16,1.6093982,0.2591979
2020-06-17,3.318583,0.38760525
2020-06-18,7.8362255,0.8408708
2020-06-19,3.5528781,0.4935926
2020-06-20,3.0063872,0.33580944
2020-06-21,3.581759,0.67470074
2020-06-22,1.7979716,0.31570452
2020-06-23,1.4029347,0.22103941
2020-06-24,3.9427745,0.3268829
2020-06-25,5.539026,0.4355943
2020-06-26,2.5665548,0.32624373
2020-06-27,2.434751,0.31249592
2020-06-28,1.7667036,0.31192935
2020-06-29,2.3336866,0.24997944
2020-06-30,4.3141007,0.32911474
2020-07-01,3.6468627,0.4488972
2020-07-02,2.6133862,0.35106263
2020-07-03,1.6420836,0.19974244
2020-07-04,2.8447273,0.3323943
2020-07-05,3.6574764,0.30305886
2020-07-06,6.2183247,0.43558967
2020-07-07,3.2724771,0.27292258
2020-07-08,4.6900434,0.3585997
2020-07-09,3.1663945,0.31519222
2020-07-10,4.785852,0.46285757
2020-07-11,4.8703456,0.601229
2020-07-12,6.498919,0.67211336
2020-07-13,3.859229,0.34358573
2020-07-14,4.5485735,0.4911353
2020-07-15,5.820942,0.6979216
2020-07-16,5.2479916,0.5343872
2020-07-17,4.3808913,0.5223585
2020-07-18,8.247826,0.7643593
2020-07-19,10.581298,1.0258375
2020-07-20,2.9555707,0.4084215
2020-07-21,2.2065456,0.42016083
2020-07-22,9.68649,0.88822883
2020-07-23,3.3370667,0.43704382
2020-07-24,3.6434236,0.50547844
2020-07-25,10.051856,1.1509618
2020-07-26,4.5075264,0.5497572
2020-07-27,5.7229514,0.4974659
2020-07-28,13.648247,1.8871343
2020-07-29,5.2103515,0.601953
2020-07-30,2.707538,0.403904
2020-07-31,3.3582551,0.4016381
2020-08-01,13.097484,1.2538433
2020-08-02,7.673612,0.81898135
2020-08-03,3.4646344,0.55501485
2020-08-04,6.7633862,0.6910771
2020-08-05,7.226846,0.5789643
2020-08-06,3.2109904,0.5302441
2020-08-07,4.2224283,0.4997943
2020-08-08,13.122334,1.3775817
2020-08-09,13.147104,2.0241036
2020-08-10,3.5213885,0.54037744
2020-08-11,4.8514204,0.47235644
2020-08-12,7.2651634,0.8220967
2020-08-13,3.0598447,0.5804543
2020-08-14,2.0314252,0.3921899
2020-08-15,6.354623,0.68310803
2020-08-16,9.652332,1.0240208
2020-08-17,7.833614,1.0170652
2020-08-18,6.175806,1.0500832
2020-08-19,5.5676656,0.87015814
2020-08-20,3.8442998,0.76778996
2020-08-21,5.4142528,0.6887042
2020-08-22,6.854957,0.88136196
2020-08-23,7.8793316,1.1518257
2020-08-24,4.6321316,0.6250211
2020-08-25,5.2379727,0.6682607
2020-08-26,2.6804216,0.52961063
2020-08-27,2.8297591,0.5100936
2020-08-28,4.9650273,0.6395542
2020-08-29,9.607986,1.0948899
2020-08-30,6.2646413,0.8535096
2020-08-31,2.930619,0.6492746
2020-09-01,4.770953,0.59012645
2020-09-02,10.497553,1.44641
2020-09-03,4.4387445,0.9099793
2020-09-04,4.347731,0.6248467
2020-09-05,6.3928022,1.0365393
2020-09-06,8.416116,1.5683287
2020-09-07,7.41565,1.2364622
2020-09-08,2.108049,0.7262974
2020-09-09,5.438901,1.0853786
2020-09-10,5.9622655,1.100025
2020-09-11,3.6142387,0.89031017
2020-09-12,4.8946013,0.86338264
2020-09-13,10.453579,1.2027239
2020-09-14,2.2652247,0.6030104
2020-09-15,4.0103874,0.71402836
2020-09-16,2.588531,0.44217628
2020-09-17,2.1425457,0.49919793
2020-09-18,6.12741,1.1063567
2020-09-19,4.2507415,0.7446746
2020-09-20,4.118556,0.66205883
2020-09-21,3.2445633,0.56584585
2020-09-22,3.6067588,0.64143395
2020-09-23,5.6627245,0.9487983
2020-09-24,5.5888104,0.88420576
2020-09-25,3.0911856,0.6154634
2020-09-26,5.4789042,0.7983329
2020-09-27,3.915247,0.7584568
2020-09-28,5.308835,0.9661748
2020-09-29,7.005005,1.0858463
2020-09-30,3.2588978,0.7631233
2020-10-01,4.0118113,0.75756687
2020-10-02,3.0470393,0.668205
2020-10-03,7.576619,1.0409594
2020-10-04,2.2604227,0.59092635
2020-10-05,1.6804503,0.69878393
2020-10-06,4.3560114,0.9770098
2020-10-07,2.5757961,0.6179375
2020-10-08,4.7177863,0.9773597
2020-10-09,3.4140987,0.6223539
2020-10-10,2.7091265,0.5971666
2020-10-11,2.7687924,0.8235021
2020-10-12,4.3003287,0.81964403
2020-10-13,6.3047523,0.9682687
2020-10-14,3.0383067,0.8260506
2020-10-15,3.1579595,0.7862985
2020-10-16,3.4411623,0.83616054
2020-10-17,6.1825,1.1410458
2020-10-18,4.7918015,1.0240159
2020-10-19,2.6174452,0.6787389
2020-10-20,2.7091117,0.7711785
2020-10-21,4.610902,0.79895085
2020-10-22,3.9277277,0.8427226
2020-10-23,2.197964,0.5853784
2020-10-24,1.6252514,0.5936853
2020-10-25,3.7268455,0.78521216
2020-10-26,4.0555277,0.84542656
2020-10-27,2.6365836,0.75057745
2020-10-28,1.2371539,0.5135486
2020-10-29,5.1981354,1.2858864
2020-10-30,4.1463237,1.3373158
2020-10-31,1.5898731,0.758606
2020-11-01,2.4215794,0.82641715
2020-11-02,2.3181856,0.8205475
2020-11-03,2.0194225,0.7135444
2020-11-04,0.24946938,0.500012
2020-11-05,0.68226,0.5037325
2020-11-06,2.6271641,0.6957799
2020-11-07,2.7592387,0.72936666
2020-11-08,3.1377454,0.6892862
2020-11-09,1.2563254,0.5383087
2020-11-10,0.4626569,0.43998873
2020-11-11,0.7409971,0.44974312
2020-11-12,0.13467102,0.38906685
2020-11-13,0.2477474,0.37529993
2020-11-14,1.0566419,0.41819283
2020-11-15,0.65168136,0.3991415
2020-11-16,1.0267301,0.44784015
2020-11-17,0.092237964,0.32935837
2020-11-18,0.042674907,0.31443658
2020-11-19,0.08335725,0.3116272
2020-11-20,0.16831046,0.3003997
2020-11-21,0.045093272,0.28328007
2020-11-22,0.024247726,0.27415383
2020-11-23,0.046618015,0.2656949
2020-11-24,0.04147154,0.25603855
2020-11-25,0.13375556,0.25802076
2020-11-26,0.54160655,0.26617268
2020-11-27,1.3361346,0.30201155
2020-11-28,1.4162251,0.31725985
2020-11-29,1.0660235,0.31733382
2020-11-30,0.21705893,0.2485195
2020-12-01,0.051096104,0.20930089
2020-12-02,0.06977393,0.20227934
2020-12-03,0.031593014,0.1957388
2020-12-04,0.0676907,0.19090171
2020-12-05,0.16105963,0.20011021
2020-12-06,0.04466058,0.18155129
2020-12-07,0.13380255,0.18047504
2020-12-08,0.35909754,0.19149949
2020-12-09,0.058452785,0.16832815
2020-12-10,0.015069383,0.16164543
2020-12-11,0.00109561,0.15643166
2020-12-12,0.005160712,0.15246631
2020-12-13,0.0071594403,0.14841089
2020-12-14,0.0035953852,0.1446447
2020-12-15,0.002907069,0.14097278
2020-12-16,0.0005088794,0.13734204
2020-12-17,0.0012320864,0.13394283
2020-12-18,0.0030145887,0.13078119
2020-12-19,0.013945054,0.13013193
2020-12-20,0.014471023,0.12497406
2020-12-21,0.07385304,0.12670374
2020-12-22,0.14811194,0.12437297
2020-12-23,0.14808796,0.13352776
2020-12-24,0.048705984,0.11459039
2020-12-25,0.028998299,0.11110828
2020-12-26,0.006088515,0.10820608
2020-12-27,0.010676263,0.10604073
2020-12-28,0.0030881674,0.103614055
2020-12-29,0.0028349143,0.10137335
2020-12-30,0.0064015803,0.09929095
2020-12-31,0.2246304,0.10267937
2021-01-01,0.57094944,0.11445884
2021-01-02,0.28056845,0.10503448
2021-01-03,0.041941494,0.09271456
2021-01-04,0.025815427,0.089985564
2021-01-05,0.0073348423,0.08785826
2021-01-06,0.0068518342,0.08617235
2021-01-07,0.0017858251,0.08399419
2021-01-08,0.0040850397,0.08245379
2021-01-09,0.012263663,0.08096607
2021-01-10,0.0048424248,0.079306394
2021-01-11,0.003441345,0.07764376
2021-01-12,0.0035298767,0.07619153
2021-01-13,0.0011689513,0.074646965
2021-01-14,0.0036452292,0.07341132
2021-01-15,0.0037133486,0.07194829
2021-01-16,0.0098690335,0.07086241
2021-01-17,0.04092421,0.07107128
2021-01-18,0.0040914477,0.068001874
2021-01-19,0.0012356467,0.066590466
2021-01-20,0.0014746587,0.06542638
2021-01-21,0.0019431886,0.06425518
2021-01-22,0.0125392275,0.06450955
2021-01-23,0.08936745,0.06459411
2021-01-24,0.060087416,0.062504
2021-01-25,0.06418646,0.060752355
2021-01-26,0.050473534,0.062479194
2021-01-27,0.017762363,0.059187382
2021-01-28,0.031475287,0.059989154
2021-01-29,0.0069171055,0.056100402
2021-01-30,0.015974162,0.056491315
2021-01-31,0.004881113,0.054369997
2021-02-01,0.0031221085,0.053104803
2021-02-02,0.013245583,0.05344421
2021-02-03,0.00085232564,0.051135503
2021-02-04,0.051519774,0.050541177
2021-02-05,0.27711928,0.052489232
2021-02-06,0.00041322722,0.04853616
2021-02-07,0.001604252,0.04765939
2021-02-08,0.005939459,0.047024712
2021-02-09,0.0061158105,0.046339482
2021-02-10,0.0069752564,0.04581197
2021-02-11,0.009759379,0.045051023
2021-02-12,0.0011245667,0.04398995
2021-02-13,0.01029128,0.0433834
2021-02-14,0.0038313118,0.042678826
2021-02-15,0.0011751223,0.04181226
2021-02-16,0.0033402336,0.041275132
2021-02-17,0.8956416,0.051042106
2021-02-18,0.082515135,0.04109914
2021-02-19,0.023616612,0.040796638
2021-02-20,0.053672783,0.043292552
2021-02-21,0.098948814,0.04552798
2021-02-22,0.25429353,0.050955474
2021-02-23,0.09378478,0.04526274
2021-02-24,0.039873935,0.038055237
2021-02-25,0.0037904875,0.03627938
2021-02-26,0.020457003,0.03702478
2021-02-27,0.028631829,0.038249865
2021-02-28,0.015108071,0.035426464
2021-03-01,0.014364927,0.034795348
2021-03-02,0.05598244,0.037857406
2021-03-03,0.049452927,0.03782999
2021-03-04,0.07788372,0.04208058
2021-03-05,0.07363633,0.038058914
2021-03-06,0.0057156375,0.031737916
2021-03-07,0.04779622,0.031897772
2021-03-08,0.12152844,0.031551477
2021-03-09,0.040002815,0.031014591
2021-03-10,0.004995516,0.029955532
2021-03-11,0.02630081,0.030582374
2021-03-12,0.09323081,0.031547084
2021-03-13,0.9058895,0.046439406
2021-03-14,0.74034226,0.042022552
2021-03-15,0.4327602,0.039249465
2021-03-16,2.2934897,0.09796986
2021-03-17,2.706134,0.14161263
2021-03-18,1.7275039,0.096436575
2021-03-19,1.6311183,0.09663667
2021-03-20,2.3120103,0.14061558
2021-03-21,2.9469829,0.19171976
2021-03-22,0.3251963,0.03278202
2021-03-23,0.27690044,0.027101867
2021-03-24,0.50428385,0.035819516
2021-03-25,2.001207,0.075232394
2021-03-26,1.5516912,0.08154544
2021-03-27,0.41675138,0.035761364
2021-03-28,0.2172875,0.06395884
2021-03-29,0.013538472,0.023069164
2021-03-30,0.09082525,0.027637448
2021-03-31,0.3264666,0.04712185
2021-04-01,0.8228116,0.061443046
2021-04-02,0.7287505,0.05771201
2021-04-03,0.27631515,0.036649767
2021-04-04,0.27894905,0.032909125
2021-04-05,0.69815344,0.0525872
2021-04-06,1.1648244,0.08366925
2021-04-07,0.53473175,0.03430213
2021-04-08,0.4380256,0.03179227
2021-04-09,0.3681126,0.041999646
2021-04-10,0.91749424,0.06934053
2021-04-11,0.8551862,0.071611136
2021-04-12,1.5816878,0.10174736
2021-04-13,0.81468,0.06543018
2021-04-14,0.12357179,0.025639195
2021-04-15,0.32831365,0.039711826
2021-04-16,0.18330294,0.029740611
2021-04-17,0.2762895,0.027828753
2021-04-18,0.83286244,0.038782004
2021-04-19,1.1084119,0.044192884
2021-04-20,1.4447398,0.05646806
2021-04-21,2.077594,0.08707251
2021-04-22,1.6680058,0.10714785
2021-04-23,1.6115348,0.11844431
2021-04-24,3.2512915,0.17764202
2021-04-25,8.233431,0.4252863
2021-04-26,4.700099,0.23871337
2021-04-27,0.4483646,0.04704014
2021-04-28,1.9579092,0.12109017
2021-04-29,4.4208503,0.25482422
2021-04-30,2.897176,0.19273911
2021-05-01,1.4474127,0.13932961
2021-05-02,4.20682,0.3309071
2021-05-03,2.4333873,0.25858706
2021-05-04,2.9254827,0.19067495
2021-05-05,5.263009,0.4036804
2021-05-06,8.059768,0.7529073
2021-05-07,6.909267,0.5404336
2021-05-08,7.802999,0.5494399
2021-05-09,7.681194,0.45572567
2021-05-10,4.94581,0.47709173
2021-05-11,5.7305937,0.40370816
2021-05-12,4.8195763,0.3483687
2021-05-13,2.00254,0.25722435
2021-05-14,4.0655327,0.3400669
2021-05-15,2.9394574,0.4465874
2021-05-16,1.0247144,0.22228444
2021-05-17,1.0576909,0.1571328
2021-05-18,3.148724,0.28808856
2021-05-19,2.968076,0.36632273
2021-05-20,0.68228894,0.17922895
2021-05-21,0.8898199,0.23531036
2021-05-22,2.1394813,0.25025526
2021-05-23,1.8808452,0.22733906
2021-05-24,1.8239524,0.32416454
2021-05-25,0.29436445,0.07707566
2021-05-26,2.2335005,0.16064973
2021-05-27,1.9202657,0.16022582
2021-05-28,0.5714638,0.1339681
2021-05-29,0.18518727,0.07032185
2021-05-30,0.08093462,0.054801382
2021-05-31,0.03599634,0.053687498
2021-06-01,2.9048362,0.25008067
2021-06-02,4.107313,0.47563925
2021-06-03,2.2022247,0.20785245
2021-06-04,2.0642188,0.18356343
2021-06-05,3.5191505,0.20272973
2021-06-06,3.051687,0.29938918
2021-06-07,1.4986446,0.19414939
2021-06-08,0.714956,0.11814893
2021-06-09,0.6474345,0.12991357
2021-06-10,0.5275953,0.1484441
2021-06-11,0.31844223,0.11632786
2021-06-12,2.989933,0.41197923
2021-06-13,3.990187,0.5710717
2021-06-14,2.885617,0.21471913
2021-06-15,1.0571178,0.1151195
2021-06-16,4.174889,0.2979348
2021-06-17,2.820582,0.21863423
2021-06-18,2.1368833,0.29439628
2021-06-19,2.8187852,0.27757797
2021-06-20,3.5319536,0.20600836
2021-06-21,0.53980076,0.1536003
2021-06-22,2.2023866,0.18354101
2021-06-23,4.0906773,0.26475224
2021-06-24,1.6905063,0.20109722
2021-06-25,0.3702568,0.12606137
2021-06-26,0.511863,0.15113525
2021-06-27,1.9685975,0.1757463
2021-06-28,3.3599465,0.29035482
2021-06-29,6.7386627,0.47737038
2021-06-30,5.3457694,0.4015173
2021-07-01,1.6450306,0.20043194
2021-07-02,1.7194425,0.18878242
2021-07-03,1.8592609,0.23056905
2021-07-04,2.5572095,0.23277
2021-07-05,2.56559,0.2761185
2021-07-06,9.895396,0.8135026
2021-07-07,6.972408,0.5301785
2021-07-08,3.70177,0.29988796
2021-07-09,0.86637276,0.17915726
2021-07-10,5.7326226,0.4044717
2021-07-11,6.0928226,0.4256117
2021-07-12,3.1580286,0.3105241
2021-07-13,4.2265844,0.48823783
2021-07-14,3.5001512,0.25234643
2021-07-15,2.8764558,0.29661098
2021-07-16,2.282385,0.2722911
2021-07-17,6.442627,0.39730623
2021-07-18,6.948492,0.44052643
2021-07-19,5.5603094,0.46324942
2021-07-20,4.330613,0.3885136
2021-07-21,4.2390466,0.25773916
2021-07-22,4.4052024,0.33492506
2021-07-23,3.0007737,0.30113894
2021-07-24,8.187236,1.0281351
2021-07-25,13.017213,1.4078683
2021-07-26,9.842625,0.8470828
2021-07-27,4.2333746,0.5133303
2021-07-28,3.2332008,0.40122452
2021-07-29,2.9438179,0.35127077
2021-07-30,4.7551117,0.39621893
2021-07-31,6.787051,0.66074795
2021-08-01,5.396665,0.5637238
2021-08-02,5.014606,0.5636953
2021-08-03,2.0628939,0.26311502
2021-08-04,1.2585243,0.21372344
2021-08-05,1.5977175,0.28691426
2021-08-06,3.2316153,0.30008936
2021-08-07,5.6757827,0.45636913
2021-08-08,5.9516807,0.44254643
2021-08-09,4.7116594,0.4679192
2021-08-10,5.7354174,0.6752292
2021-08-11,8.401716,0.74258363
2021-08-12,4.1439548,0.36791202
2021-08-13,5.172488,0.6445568
2021-08-14,7.918393,0.87466466
2021-08-15,2.9143088,0.4362711
2021-08-16,0.6409242,0.23768635
2021-08-17,2.183554,0.3266527
2021-08-18,2.9383872,0.4119377
2021-08-19,4.564152,0.42709523
2021-08-20,8.200233,0.7873931
2021-08-21,2.9086037,0.3541693
2021-08-22,4.0655065,0.3885697
2021-08-23,2.8104305,0.31973937
2021-08-24,0.83873826,0.25648275
2021-08-25,2.9263656,0.31217548
2021-08-26,3.640671,0.36617568
2021-08-27,1.0835273,0.2284475
2021-08-28,1.5041922,0.24498965
2021-08-29,7.251208,0.5325284
2021-08-30,0.90752625,0.20728093
2021-08-31,0.9829638,0.22311671
2021-09-01,5.48813,0.62006587
2021-09-02,8.342363,0.6504252
2021-09-03,4.29139,0.5089358
2021-09-04,8.769229,0.7751362
2021-09-05,8.140492,0.79602206
2021-09-06,4.180908,0.4336922
2021-09-07,5.107668,0.6311698
2021-09-08,8.026434,1.2857162
2021-09-09,5.1068764,0.60135764
2021-09-10,3.2878408,0.44716358
2021-09-11,3.57198,0.48892188
2021-09-12,4.299108,0.6120118
2021-09-13,3.1136405,0.5901122
2021-09-14,3.322527,0.5141394
2021-09-15,1.7984499,0.40120152
2021-09-16,3.64796,0.57826763
2021-09-17,10.059414,0.9485686
2021-09-18,5.7850957,0.8365605
2021-09-19,3.995073,0.7821855
2021-09-20,6.8282533,0.874561
2021-09-21,4.1801763,0.8492762
2021-09-22,0.8835814,0.29751506
2021-09-23,4.51226,0.8217528
2021-09-24,6.300505,1.1608411
2021-09-25,7.904418,0.97770256
2021-09-26,1.8600261,0.4689348
2021-09-27,1.3154886,0.42298138
2021-09-28,2.5313842,0.4886674
2021-09-29,2.3839946,0.4833457
2021-09-30,1.395422,0.40077037
2021-10-01,2.7561798,0.50364757
2021-10-02,6.04219,0.9172111
2021-10-03,2.5069394,0.53551555
2021-10-04,1.6404126,0.47484732
2021-10-05,1.9131283,0.50490016
2021-10-06,1.6129861,0.44183424
2021-10-07,2.587129,0.5760156
2021-10-08,0.9143574,0.3867732
2021-10-09,1.0728761,0.3859782
2021-10-10,2.0087137,0.567838
2021-10-11,5.2305613,0.86402965
2021-10-12,6.5079083,0.83498573
2021-10-13,8.528491,0.98283345
2021-10-14,1.9383035,0.46004698
2021-10-15,1.7345487,0.38061076
2021-10-16,0.9192343,0.3469649
2021-10-17,2.051087,0.3989483
2021-10-18,2.3505485,0.46225068
2021-10-19,2.0748754,0.3892802
2021-10-20,3.5747895,0.6046962
2021-10-21,1.1468574,0.31841093
2021-10-22,0.38143674,0.24657537
2021-10-23,0.5644513,0.24240547
2021-10-24,0.39949864,0.23402914
2021-10-25,0.48780963,0.22576198
2021-10-26,2.8960805,0.38395965
2021-10-27,1.0393769,0.2623256
2021-10-28,1.5031756,0.31470424
2021-10-29,2.1469667,0.40876243
2021-10-30,0.7947031,0.24981698
2021-10-31,1.7034494,0.32767388
2021-11-01,0.9646969,0.25589755
2021-11-02,0.2797909,0.18529218
2021-11-03,1.180254,0.19647008
2021-11-04,1.6318917,0.2517334
2021-11-05,0.734704,0.1989924
2021-11-06,0.76915425,0.20262031
2021-11-07,1.1113267,0.22479977
2021-11-08,1.8672895,0.28698605
2021-11-09,1.1178067,0.23018655
2021-11-10,0.5255968,0.18478306
2021-11-11,1.3237967,0.26920983
2021-11-12,1.7580746,0.33735874
2021-11-13,0.37549275,0.179976
2021-11-14,0.5068238,0.17895041
2021-11-15,1.2657328,0.281452
2021-11-16,0.21623272,0.13882641
2021-11-17,0.36793196,0.14572288
2021-11-18,0.41892195,0.12845598
2021-11-19,0.12317898,0.11899888
2021-11-20,0.051238276,0.11501839
2021-11-21,0.0905796,0.11472728
2021-11-22,0.025051871,0.110039316
2021-11-23,0.00268301,0.10644316
2021-11-24,0.0076934793,0.10409813
2021-11-25,0.0026338785,0.10117873
2021-11-26,0.027295308,0.10015835
2021-11-27,0.11720677,0.09815654
2021-11-28,0.48293683,0.10390635
2021-11-29,1.4511021,0.1261563
2021-11-30,1.4440495,0.2017102
2021-12-01,0.30029064,0.099464215
2021-12-02,0.36769176,0.09226235
2021-12-03,0.07476588,0.08603588
2021-12-04,0.040297132,0.082896024
2021-12-05,0.07450289,0.08159505
2021-12-06,0.010203936,0.07894372
2021-12-07,0.0049179024,0.07702801
2021-12-08,0.01640092,0.07559762
2021-12-09,0.008298011,0.07353534
2021-12-10,0.012259866,0.07195672
2021-12-11,0.0018097976,0.07015178
2021-12-12,0.0,0.068540886
2021-12-13,3.5127876e-05,0.06701081
2021-12-14,0.013246294,0.06578258
2021-12-15,0.043653976,0.06623218
2021-12-16,0.022986447,0.06307245
2021-12-17,0.0682836,0.066308014
2021-12-18,0.09309385,0.06781389
2021-12-19,0.14015096,0.06993318
2021-12-20,0.28168875,0.068222485
2021-12-21,0.05365237,0.057881836
2021-12-22,0.03361809,0.05662981
2021-12-23,0.038327836,0.056080464
2021-12-24,0.16228557,0.073453516
2021-12-25,0.23272003,0.06414599
2021-12-26,1.0006568,0.08287876
2021-12-27,0.13783062,0.053241514
2021-12-28,0.10594543,0.053047836
2021-12-29,0.20816827,0.052938063
2021-12-30,0.017027525,0.047805358
2021-12-31,0.0486419,0.046735857
2022-01-01,0.0195667,0.045607135
2022-01-02,0.021553088,0.044999637
2022-01-03,0.006663853,0.043517146
2022-01-04,0.010557825,0.043216545
2022-01-05,0.063073285,0.04706815
2022-01-06,0.023938222,0.042425986
2022-01-07,0.005939459,0.040494964
2022-01-08,0.009460791,0.040145464
2022-01-09,0.02750299,0.04150845
2022-01-10,0.00606027,0.038573608
2022-01-11,0.19773836,0.046018586
2022-01-12,0.075220406,0.04033178
2022-01-13,0.4560011,0.051230505
2022-01-14,0.2586356,0.047028925
2022-01-15,0.19698715,0.037281
2022-01-16,1.08354,0.052749425
2022-01-17,2.3614533,0.09974661
2022-01-18,1.8694315,0.10836451
2022-01-19,0.22956374,0.049922403
2022-01-20,0.14327757,0.04508283
2022-01-21,0.008332427,0.032154463
2022-01-22,0.0029590488,0.03160773
2022-01-23,0.004069612,0.031013522
2022-01-24,0.0028463074,0.03048589
2022-01-25,0.00017397793,0.029811935
2022-01-26,0.00065461267,0.029465761
2022-01-27,0.00940976,0.030031247
2022-01-28,0.00071845995,0.02853748
2022-01-29,2.420975e-05,0.027939951
2022-01-30,7.500276e-05,0.027590334
2022-01-31,0.0012873891,0.02715717
2022-02-01,0.0155607,0.027952293
2022-02-02,0.003263332,0.026521722
2022-02-03,0.010975087,0.02744923
2022-02-04,0.037753683,0.02731299
2022-02-05,0.079359084,0.03203508
2022-02-06,0.0028534278,0.024964763
2022-02-07,0.001695632,0.024663564
2022-02-08,0.0003322907,0.02417308
2022-02-09,0.0027679817,0.024004325
2022-02-10,0.01813524,0.026170742
2022-02-11,0.015062026,0.02475815
2022-02-12,0.06145123,0.031087933
2022-02-13,0.0135643445,0.023983555
2022-02-14,0.008550552,0.022826592
2022-02-15,0.033168543,0.024767168
2022-02-16,0.005854725,0.02211003
2022-02-17,0.005901483,0.021402134
2022-02-18,0.005827192,0.021062128
2022-02-19,0.0053263824,0.0208262
2022-02-20,0.0710898,0.022529071
2022-02-21,0.042030502,0.025888769
2022-02-22,0.00066220795,0.019840721
2022-02-23,0.0023117939,0.01960978
2022-02-24,0.040148076,0.02267089
2022-02-25,0.17737678,0.027158951
2022-02-26,0.15643606,0.030256018
2022-02-27,0.038058203,0.020902628
2022-02-28,0.19781716,0.030074446
2022-03-01,0.36956683,0.050315224
2022-03-02,0.29714695,0.022966035
2022-03-03,0.4152542,0.03460333
2022-03-04,0.12381627,0.019751122
2022-03-05,0.023491053,0.017436361
2022-03-06,0.091303036,0.019094849
2022-03-07,0.14571445,0.01864044
2022-03-08,0.34002548,0.01921815
2022-03-09,0.20776072,0.019683834
2022-03-10,0.06920215,0.016716832
2022-03-11,1.6091104,0.119172856
2022-03-12,0.30886397,0.04846994
2022-03-13,0.13059737,0.02151618
2022-03-14,0.042666603,0.02299879
2022-03-15,0.021097848,0.016656784
2022-03-16,0.08887565,0.023659099
2022-03-17,0.10295671,0.027988965
2022-03-18,0.06259977,0.018518798
2022-03-19,0.1413688,0.032855123
2022-03-20,0.036301333,0.01797764
2022-03-21,0.1550739,0.028482417
2022-03-22,0.6017011,0.024163704
2022-03-23,0.36124864,0.021978894
2022-03-24,0.20759435,0.01748472
2022-03-25,0.48926386,0.022149194
2022-03-26,0.062696375,0.014580382
2022-03-27,0.26961046,0.022834187
2022-03-28,0.25735846,0.019277133
2022-03-29,0.59902686,0.0340198
2022-03-30,0.17060682,0.015328333
2022-03-31,0.08028262,0.013378737
2022-04-01,0.19695179,0.019969484
2022-04-02,0.6023429,0.022100892
2022-04-03,0.99927884,0.023964806
2022-04-04,0.51244926,0.030976731
2022-04-05,0.45802143,0.029122313
2022-04-06,1.2508742,0.03383823
2022-04-07,0.65866476,0.028338226
2022-04-08,0.12898242,0.01405376
2022-04-09,0.19539216,0.02357662
2022-04-10,2.2038114,0.07118937
2022-04-11,2.6325958,0.09367702
2022-04-12,0.59518176,0.084763914
2022-04-13,1.0195559,0.066334
2022-04-14,3.4416137,0.15393117
2022-04-15,5.7190585,0.3285083
2022-04-16,2.0130851,0.13854624
2022-04-17,0.64467484,0.07757683
2022-04-18,1.2950947,0.09509222
2022-04-19,3.993297,0.20640047
2022-04-20,3.1571126,0.15921745
2022-04-21,3.9339457,0.22095017
2022-04-22,2.8355627,0.27615482
2022-04-23,0.89277774,0.14773265
2022-04-24,3.212005,0.22213788
2022-04-25,3.5147936,0.26446304
2022-04-26,1.1903958,0.101839505
2022-04-27,1.4188149,0.15643677
2022-04-28,2.5623384,0.27585113
2022-04-29,1.4750266,0.13594119
2022-04-30,1.7268834,0.3180975
2022-05-01,1.3923082,0.21145521
2022-05-02,2.0067863,0.24442793
2022-05-03,1.2442334,0.17680345
2022-05-04,1.6817114,0.20918092
2022-05-05,0.681002,0.06563097
2022-05-06,1.194564,0.11378287
2022-05-07,1.6869853,0.12401896
2022-05-08,3.0548017,0.2681764
2022-05-09,0.9723889,0.15462519
2022-05-10,0.32026488,0.046245493
2022-05-11,1.7084005,0.106830746
2022-05-12,1.4109771,0.077092156
2022-05-13,0.3328036,0.043667626
2022-05-14,0.34604943,0.06566966
2022-05-15,1.6344415,0.13157347
2022-05-16,0.5958943,0.096118055
2022-05-17,0.40555343,0.12686859
2022-05-18,1.3798518,0.11685098
2022-05-19,1.1157788,0.103969134
2022-05-20,0.762203,0.05348136
2022-05-21,2.226983,0.115129
2022-05-22,0.64119905,0.087880805
2022-05-23,2.772276,0.14761743
2022-05-24,6.673155,0.5565728
2022-05-25,1.9201447,0.185162
2022-05-26,0.6097477,0.12223265
2022-05-27,2.9702713,0.21297602
2022-05-28,3.1329377,0.2987944
2022-05-29,2.4639666,0.32993093
2022-05-30,0.9363791,0.2373371
2022-05-31,0.64201415,0.13256441
2022-06-01,2.1042724,0.13172324
2022-06-02,1.282923,0.13743663
2022-06-03,1.4396694,0.29274407
2022-06-04,1.4757681,0.14013708
2022-06-05,1.2355164,0.13811307
2022-06-06,0.782326,0.13636985
2022-06-07,6.0825214,0.27489153
2022-06-08,7.504636,0.3125506
2022-06-09,2.6221573,0.2807142
2022-06-10,0.6321643,0.164658
2022-06-11,1.0894948,0.15991715
2022-06-12,1.5384927,0.13642646
2022-06-13,2.6298318,0.1702672
2022-06-14,1.4682635,0.1532228
2022-06-15,0.8704948,0.15416177
2022-06-16,0.4358218,0.10881476
2022-06-17,2.0255308,0.19842704
2022-06-18,6.1154714,0.3931653
2022-06-19,3.9871848,0.39093277
2022-06-20,1.973134,0.23752876
2022-06-21,0.66729265,0.13822913
2022-06-22,0.5407155,0.12560898
2022-06-23,3.3178077,0.22775003
2022-06-24,7.1771827,0.45402968
2022-06-25,2.108623,0.24135686
2022-06-26,0.8326324,0.28547677
2022-06-27,1.1804272,0.14102347
2022-06-28,3.562359,0.18752244
2022-06-29,3.9949818,0.34694058
2022-06-30,0.86521566,0.13246994
2022-07-01,1.894646,0.1623303
2022-07-02,2.8558278,0.22759861
2022-07-03,4.380035,0.29696205
2022-07-04,2.1863806,0.10636151
2022-07-05,1.6092786,0.11964221
2022-07-06,1.5556128,0.3972018
2022-07-07,5.0785213,0.46156782
2022-07-08,5.488455,0.2617627
2022-07-09,4.5264554,0.26267913
2022-07-10,4.7440033,0.25562236
2022-07-11,5.3042707,0.32249632
2022-07-12,5.8215175,0.2727728
2022-07-13,5.3847213,0.38718748
2022-07-14,7.065083,0.56841433
2022-07-15,4.542929,0.33533746
2022-07-16,2.9447405,0.3061361
2022-07-17,3.242489,0.30562246
2022-07-18,9.339741,1.0284379
2022-07-19,4.4962406,0.65246105
2022-07-20,1.9593774,0.2710848
2022-07-21,4.9007506,0.5262201
2022-07-22,2.6456583,0.33158576
2022-07-23,3.7020578,0.34632418
2022-07-24,2.6478152,0.27834034
2022-07-25,1.8459677,0.24144574
2022-07-26,6.182966,0.80220246
2022-07-27,8.728107,0.6148765
2022-07-28,6.166827,0.49731088
2022-07-29,3.757699,0.4414723
2022-07-30,8.714874,1.1912084
2022-07-31,8.515833,0.78551906
2022-08-01,10.948975,1.0369303
2022-08-02,2.1740766,0.41099232
2022-08-03,3.0884247,0.34760183
2022-08-04,4.833058,0.45853886
2022-08-05,4.1166496,0.34650064
2022-08-06,6.162902,0.70687544
2022-08-07,4.6631184,0.3963866
2022-08-08,7.2251782,0.54034114
2022-08-09,5.206003,0.5395319
2022-08-10,7.262747,0.65374774
2022-08-11,12.19212,1.4472803
2022-08-12,6.1346807,0.6731881
2022-08-13,5.3656797,0.584659
2022-08-14,9.183978,1.3406497
2022-08-15,4.539482,0.61173433
2022-08-16,5.84291,0.7011695
2022-08-17,5.5110073,0.53547156
2022-08-18,6.497518,0.5757297
2022-08-19,10.105103,1.4107255
2022-08-20,3.8616035,0.45353955
2022-08-21,1.9142771,0.30995175
2022-08-22,2.877612,0.39045915
2022-08-23,10.630753,1.4909945
2022-08-24,8.555744,1.2019154
2022-08-25,2.91106,0.39104646
2022-08-26,8.6399355,1.054777
2022-08-27,9.804975,1.6521288
2022-08-28,6.344652,1.0168915
2022-08-29,3.070202,0.763879
2022-08-30,5.7155585,1.0075686
2022-08-31,8.789046,1.4523641
2022-09-01,3.0624793,0.57851416
2022-09-02,5.936505,0.8772698
2022-09-03,6.8855557,1.3660047
2022-09-04,5.3836617,0.6457435
2022-09-05,3.8694756,0.51824343
2022-09-06,2.8111458,0.44511098
2022-09-07,6.526171,0.8659859
2022-09-08,5.515347,0.76514465
2022-09-09,5.7126026,0.7695098
2022-09-10,3.9203358,0.70686024
2022-09-11,4.8453736,0.63618565
2022-09-12,7.401656,1.3477623
2022-09-13,7.8454905,1.4336747
2022-09-14,3.4600782,0.5188468
2022-09-15,4.4116707,0.664491
2022-09-16,7.0420165,1.0211605
2022-09-17,2.9507797,0.61664516
2022-09-18,2.765284,0.57909703
2022-09-19,4.2099414,0.6087206
2022-09-20,1.900364,0.4328903
2022-09-21,1.5299703,0.41039103
2022-09-22,4.2914877,0.78273267
2022-09-23,3.486285,0.5825306
2022-09-24,3.346655,0.57301253
2022-09-25,1.887804,0.6586638
2022-09-26,3.0013506,0.46065044
2022-09-27,3.3339953,0.75580937
2022-09-28,1.4592448,0.44071028
2022-09-29,3.7438924,0.4851793
2022-09-30,3.0887914,0.42750314
2022-10-01,1.3497148,0.3136276
2022-10-02,1.9790107,0.35733405
2022-10-03,6.2431684,0.7260202
2022-10-04,5.6048207,0.6728367
2022-10-05,4.5713954,0.7942511
2022-10-06,4.563429,0.89207095
2022-10-07,4.908323,1.1257634
2022-10-08,7.6684437,0.94465715
2022-10-09,4.068529,0.6856321
2022-10-10,3.7912679,0.64769566
2022-10-11,3.3366704,0.65210104
2022-10-12,0.97957546,0.39991033
2022-10-13,0.484083,0.37127432
2022-10-14,0.9906476,0.41217262
2022-10-15,1.6292546,0.52375257
2022-10-16,4.1959615,0.65333277
2022-10-17,4.205331,0.8340818
2022-10-18,2.2256055,0.6044031
2022-10-19,1.7972287,0.4637475
2022-10-20,1.7509944,0.45267832
2022-10-21,3.5602915,0.6508832
2022-10-22,2.4693663,0.52673346
2022-10-23,1.4612514,0.39666158
2022-10-24,0.42403474,0.32946664
2022-10-25,0.76762456,0.30375928
2022-10-26,0.8688035,0.41412154
2022-10-27,0.4064625,0.313951
2022-10-28,1.1406759,0.4942772
2022-10-29,1.3156011,0.2650213
2022-10-30,1.7705237,0.3019397
2022-10-31,0.64916503,0.24350642
2022-11-01,1.9721032,0.32313058
2022-11-02,0.5559375,0.22176766
2022-11-03,0.5577295,0.2348036
2022-11-04,0.30424416,0.19822173
2022-11-05,1.1133734,0.24207081
2022-11-06,1.0657777,0.23888959
2022-11-07,0.3981194,0.18680345
2022-11-08,0.63378066,0.20256856
2022-11-09,0.42446268,0.18519083
2022-11-10,1.6938525,0.27689713
2022-11-11,1.185678,0.26216534
2022-11-12,1.1856626,0.29275155
2022-11-13,0.5019479,0.20049912
2022-11-14,0.6522152,0.22679873
2022-11-15,0.33061406,0.15504256
2022-11-16,0.3882411,0.16872464
2022-11-17,0.7387805,0.1788239
2022-11-18,0.5696785,0.17015824
2022-11-19,0.20593312,0.1464487
2022-11-20,0.41149503,0.1536117
2022-11-21,0.13770601,0.14307393
2022-11-22,0.7987687,0.17853154
2022-11-23,1.315548,0.21613052
2022-11-24,0.46665743,0.16413683
2022-11-25,0.10430059,0.13874306
2022-11-26,0.07455844,0.13687089
2022-11-27,0.27688265,0.14774767
2022-11-28,0.60268986,0.14846143
2022-11-29,0.6887888,0.13725588
2022-11-30,0.71670455,0.14918387
2022-12-01,0.13502347,0.114863634
2022-12-02,0.046380896,0.11046838
2022-12-03,0.006147378,0.107406914
2022-12-04,0.25728,0.12057192
2022-12-05,0.13896325,0.10611787
2022-12-06,0.21577866,0.11052956
2022-12-07,0.077064864,0.09977723
2022-12-08,0.371384,0.11480193
2022-12-09,0.30919507,0.1024714
2022-12-10,0.060628813,0.09385444
2022-12-11,0.18316457,0.09898857
2022-12-12,0.37911427,0.09695863
2022-12-13,1.3776723,0.13418171
2022-12-14,0.21252555,0.100009054
2022-12-15,0.1354863,0.0998174
2022-12-16,0.13945362,0.09480147
2022-12-17,0.09915768,0.0934316
2022-12-18,0.10833057,0.09495954
2022-12-19,0.023930151,0.07940454
2022-12-20,0.038779274,0.07763011
2022-12-21,0.025260027,0.075860724
2022-12-22,0.054785956,0.074416265
2022-12-23,0.081324354,0.073393166
2022-12-24,0.14638616,0.07938876
2022-12-25,0.20467944,0.09176172
2022-12-26,0.058571696,0.07571766
2022-12-27,0.116203725,0.084390566
2022-12-28,0.12317755,0.07624766
2022-12-29,0.25363132,0.09629856
2022-12-30,0.16960758,0.08527049
2022-12-31,0.039310228,0.06469142
2023-01-01,0.0483604,0.0653986
2023-01-02,0.061950143,0.06547302
2023-01-03,0.055087388,0.06027338
2023-01-04,0.0048158416,0.056446042
2023-01-05,0.0013120736,0.055362597
2023-01-06,0.0016453137,0.054305557
2023-01-07,0.002923446,0.053320788
2023-01-08,0.0029184618,0.05227526
2023-01-09,0.011352475,0.05222601
2023-01-10,0.02620658,0.05258797
2023-01-11,0.0667,0.058754455
2023-01-12,0.12679407,0.064291246
2023-01-13,0.053545326,0.05574675
2023-01-14,0.0155744655,0.0482943
2023-01-15,0.002558401,0.046237897
2023-01-16,0.030495979,0.048526548
2023-01-17,0.0022187526,0.044643138
2023-01-18,0.0053534405,0.04420392
2023-01-19,0.00090739096,0.04296709
2023-01-20,0.0047249366,0.04314783
2023-01-21,0.0030219466,0.041748054
2023-01-22,0.024643864,0.043525334
2023-01-23,0.0029656945,0.040235184
2023-01-24,0.015923845,0.039856963
2023-01-25,0.009362291,0.03913625
2023-01-26,0.047715995,0.0388417
2023-01-27,0.013856522,0.038521867
2023-01-28,0.0021943054,0.03721371
2023-01-29,0.044320695,0.036807247
2023-01-30,0.02175341,0.037009116
2023-01-31,0.00347671,0.035231713
2023-02-01,0.12723862,0.03706525
2023-02-02,0.016962966,0.034370966
2023-02-03,0.0008345244,0.03349906
2023-02-04,0.001134298,0.032972258
2023-02-05,0.00267494,0.032586504
2023-02-06,0.0018299724,0.03203971
2023-02-07,0.0022270596,0.031658996
2023-02-08,0.00021954921,0.03095193
2023-02-09,0.0013009182,0.030541549
2023-02-10,0.006192712,0.030379796
2023-02-11,0.0017525961,0.029766245
2023-02-12,0.00054068444,0.029184617
2023-02-13,0.00035032936,0.02870244
2023-02-14,0.00022239742,0.028265715
2023-02-15,0.0034463292,0.027987065
2023-02-16,0.0014886623,0.027437124
2023-02-17,0.0015116853,0.026956964
2023-02-18,0.0004084802,0.026560945
2023-02-19,0.0010068408,0.026174657
2023-02-20,0.00021266605,0.02578018
2023-02-21,0.0004630708,0.0254041
2023-02-22,0.025436854,0.025183126
2023-02-23,0.012163976,0.02480194
2023-02-24,0.011044631,0.02445535
2023-02-25,0.012601175,0.0240855
2023-02-26,0.059390794,0.024053099
2023-02-27,0.69639254,0.033612628
2023-02-28,0.30881056,0.034189865
2023-03-01,0.41174924,0.039308447
2023-03-02,0.19162872,0.025880937
2023-03-03,0.21694073,0.026657429
2023-03-04,0.05651102,0.025465453
2023-03-05,0.027304564,0.023722233
2023-03-06,0.0034370725,0.021165611
2023-03-07,0.08178386,0.025650468
2023-03-08,0.7720701,0.041818906
2023-03-09,0.52600384,0.045197114
2023-03-10,0.440373,0.039556358
2023-03-11,0.9774575,0.06368672
2023-03-12,1.3964828,0.08105757
2023-03-13,2.3703127,0.11591487
2023-03-14,3.4273293,0.12467904
2023-03-15,1.4399728,0.11018772
2023-03-16,0.32306728,0.024481993
2023-03-17,1.8881619,0.099278495
2023-03-18,2.2227147,0.14011773
2023-03-19,1.2345836,0.12932624
2023-03-20,0.7162396,0.052123595
2023-03-21,0.026824167,0.018905086
2023-03-22,0.08337814,0.021875765
2023-03-23,0.5740657,0.036578204
2023-03-24,0.059098613,0.018316753
2023-03-25,1.2141596,0.048951406
2023-03-26,7.1336226,0.42227313
2023-03-27,0.4261149,0.03711794
2023-03-28,0.87944037,0.061937448
2023-03-29,0.28085947,0.026202664
2023-03-30,0.68312395,0.03669047
2023-03-31,1.1030843,0.09922461
2023-04-01,0.15363176,0.027377075
2023-04-02,0.33435258,0.034261547
2023-04-03,0.56678164,0.041121565
2023-04-04,0.27925995,0.03189694
2023-04-05,0.31064126,0.021822836
2023-04-06,0.2158081,0.03977027
2023-04-07,0.1817184,0.026843036
2023-04-08,0.24406539,0.040059663
2023-04-09,0.24973924,0.038619183
2023-04-10,0.6472987,0.026134426
2023-04-11,2.283745,0.060100824
2023-04-12,0.89262325,0.05682634
2023-04-13,2.750325,0.14275932
2023-04-14,0.51422465,0.03989927
2023-04-15,1.2112066,0.12508513
2023-04-16,1.043794,0.07144475
2023-04-17,3.08314,0.13640901
2023-04-18,0.42314634,0.06941054
2023-04-19,0.32548872,0.07052141
2023-04-20,0.22411062,0.024642205
2023-04-21,1.1979765,0.12017579
2023-04-22,2.6712403,0.21558832
2023-04-23,3.8113725,0.2963156
2023-04-24,0.958362,0.081513405
2023-04-25,6.2903185,0.6598639
2023-04-26,1.2200642,0.09437222
2023-04-27,3.5770628,0.25227508
2023-04-28,5.938999,0.32941687
2023-04-29,8.263952,0.632754
2023-04-30,5.8748264,0.41240102
2023-05-01,2.07161,0.3580253
2023-05-02,1.0402645,0.16562876
2023-05-03,1.8842409,0.1917652
2023-05-04,1.1452616,0.16794187
2023-05-05,0.44517958,0.09748021
2023-05-06,0.9203235,0.12468687
2023-05-07,0.84893274,0.13180488
2023-05-08,1.4510947,0.14561608
2023-05-09,2.6497326,0.18567146
2023-05-10,1.6905534,0.21690893
2023-05-11,0.81726116,0.15716377
2023-05-12,0.5128518,0.054511104
2023-05-13,0.45805395,0.07640586
2023-05-14,0.40557742,0.09776491
2023-05-15,0.282041,0.10306031
2023-05-16,1.3155636,0.12857051
2023-05-17,2.0071867,0.15557174
2023-05-18,1.5396992,0.19605827
2023-05-19,1.038599,0.1253429
2023-05-20,0.2186715,0.07845099
2023-05-21,0.48852858,0.08664397
2023-05-22,0.34327245,0.070383444
2023-05-23,2.0250063,0.22281866
2023-05-24,0.6932102,0.18249418
2023-05-25,0.4968719,0.13456339
2023-05-26,0.817897,0.16550748
2023-05-27,1.3140635,0.16346554
2023-05-28,3.8864179,0.227176
2023-05-29,4.254861,0.15949717
2023-05-30,1.1693367,0.10136397
2023-05-31,0.7336623,0.09159065
2023-06-01,2.2038782,0.12970065
2023-06-02,2.6849282,0.16822858
2023-06-03,0.5110989,0.11776163
2023-06-04,2.7796738,0.20137754
2023-06-05,3.8688874,0.19700852
2023-06-06,3.6928725,0.15804125
2023-06-07,1.8109772,0.15697034
2023-06-08,2.6830895,0.13452885
2023-06-09,5.711234,0.29413307
2023-06-10,6.7768083,0.22306366
2023-06-11,4.0131354,0.24236773
2023-06-12,1.5061563,0.100834094
2023-06-13,5.138929,0.22422193
2023-06-14,3.8158145,0.2038829
2023-06-15,2.1695447,0.17996128
2023-06-16,1.4832935,0.17034622
2023-06-17,2.8377495,0.1876124
2023-06-18,4.1663213,0.2501494
2023-06-19,5.9494524,0.3866468
2023-06-20,4.4564896,0.30087477
2023-06-21,2.1166055,0.31435153
2023-06-22,6.275445,0.4835944
2023-06-23,10.742546,0.9641895
2023-06-24,4.8136077,0.5048813
2023-06-25,3.2094219,0.4697762
2023-06-26,3.2764463,0.46247485
2023-06-27,2.5954995,0.2965684
2023-06-28,0.6875562,0.16916232
2023-06-29,2.9218166,0.23387
2023-06-30,4.1900377,0.43281505
2023-07-01,3.4995534,0.42247772
2023-07-02,2.2318015,0.28196728
2023-07-03,2.6000054,0.2943951
2023-07-04,4.727916,0.4946082
2023-07-05,3.8615372,0.35392067
2023-07-06,5.4335423,0.46920964
2023-07-07,2.5509126,0.26159608
2023-07-08,2.7972133,0.2702481
2023-07-09,1.1538786,0.21420076
2023-07-10,0.6213065,0.17378876
2023-07-11,2.4480116,0.2547484
2023-07-12,1.817886,0.18321571
2023-07-13,2.0126553,0.30666038
2023-07-14,4.1956973,0.32034093
2023-07-15,3.1296804,0.2868236
2023-07-16,0.30362234,0.15495998
2023-07-17,0.33976248,0.1511289
2023-07-18,1.9303054,0.22381262
2023-07-19,2.669694,0.24597594
2023-07-20,1.4135731,0.17892691
2023-07-21,1.6943655,0.23616257
2023-07-22,1.5755657,0.15999928
2023-07-23,0.33012512,0.118514925
2023-07-24,1.4307519,0.16938412
2023-07-25,5.7615438,0.28628564
2023-07-26,10.566066,0.6247058
2023-07-27,2.6341274,0.27537712
2023-07-28,1.360959,0.1519868
2023-07-29,2.6241393,0.20683138
2023-07-30,4.029562,0.26557338
2023-07-31,9.059019,0.6836835
2023-08-01,2.6787698,0.25269365
2023-08-02,4.337265,0.46707267
2023-08-03,5.37635,0.43759492
2023-08-04,8.859731,0.954785
2023-08-05,3.1841276,0.4394624
2023-08-06,1.9022807,0.21262759
2023-08-07,6.4900203,0.73757786
2023-08-08,6.8340383,0.72367704
2023-08-09,2.9247897,0.3092651
2023-08-10,3.4115796,0.33347803
2023-08-11,2.0192165,0.4651309
2023-08-12,3.970107,0.5454657
2023-08-13,3.1946905,0.27401617
2023-08-14,3.5198886,0.35376486
2023-08-15,1.8365542,0.24616474
2023-08-16,2.248403,0.18696705
2023-08-17,3.3929374,0.31138054
2023-08-18,0.8921298,0.19262014
2023-08-19,0.37632445,0.15096892
2023-08-20,1.1988045,0.21503836
2023-08-21,2.450622,0.48316255
2023-08-22,1.1173556,0.15169248
2023-08-23,1.0214729,0.19379252
2023-08-24,1.3569176,0.22306734
2023-08-25,1.8695416,0.21485193
2023-08-26,2.112818,0.14229329
2023-08-27,0.9471524,0.13425624
2023-08-28,2.1636825,0.20773058
2023-08-29,1.8314964,0.18503512
2023-08-30,7.450223,0.3815369
2023-08-31,2.3598766,0.24363679
2023-09-01,0.5619743,0.13328251
2023-09-02,1.422747,0.18349697
2023-09-03,1.3349715,0.17625542
2023-09-04,6.254579,0.53970075
2023-09-05,3.6856964,0.3505959
2023-09-06,2.6513708,0.2447607
2023-09-07,2.6748855,0.28797406
2023-09-08,1.4521044,0.16550499
2023-09-09,2.7176447,0.37879857
2023-09-10,7.0589604,0.52911574
2023-09-11,6.5905795,0.7065756
2023-09-12,3.2557075,0.29044285
2023-09-13,3.8003252,0.31361657
2023-09-14,6.3486624,0.53039044
2023-09-15,4.729668,0.66256034
2023-09-16,4.640341,0.7558973
2023-09-17,4.1433935,0.43269494
2023-09-18,3.472878,0.46071467
2023-09-19,1.9676632,0.47829983
2023-09-20,1.8641312,0.28655657
2023-09-21,1.3732651,0.28300261
2023-09-22,1.470585,0.26697427
2023-09-23,2.626766,0.32976523
2023-09-24,4.25576,0.56143624
2023-09-25,2.440218,0.30567998
2023-09-26,2.7897024,0.37239024
2023-09-27,2.1786366,0.28800672
2023-09-28,2.0354314,0.31695002
2023-09-29,1.754504,0.30661708
2023-09-30,1.7919334,0.33489218
2023-10-01,1.0201882,0.27636272
2023-10-02,1.2193974,0.21492918
2023-10-03,1.9023683,0.24208766
2023-10-04,0.66026235,0.18145303
2023-10-05,0.5662732,0.1894991
2023-10-06,1.7912973,0.20674866
2023-10-07,0.9154386,0.16786222
2023-10-08,1.7913852,0.21071361
2023-10-09,1.6549121,0.20693403
2023-10-10,2.9774866,0.42043814
2023-10-11,2.8415167,0.22075638
2023-10-12,0.6790496,0.16373184
2023-10-13,0.9091001,0.15677118
2023-10-14,1.9449555,0.2327758
2023-10-15,7.3474746,1.0754986
2023-10-16,7.69133,0.70248234
2023-10-17,1.9552815,0.3019287
2023-10-18,2.7224135,0.32852927
2023-10-19,7.1451283,0.73480403
2023-10-20,5.405503,0.7009167
2023-10-21,0.8730345,0.27187264
2023-10-22,1.8949606,0.38140932
2023-10-23,2.210816,0.32059526
2023-10-24,1.221251,0.36561033
2023-10-25,2.3392367,0.28565454
2023-10-26,8.236615,1.0535185
2023-10-27,9.111067,1.4513152
2023-10-28,5.640338,0.86906385
2023-10-29,2.7182631,0.76003003
2023-10-30,1.7417625,0.42670614
2023-10-31,1.5011648,0.58167535
2023-11-01,6.279011,0.8405966
2023-11-02,5.7174897,1.0171446
2023-11-03,4.313359,0.78792
2023-11-04,8.25799,1.844887
2023-11-05,5.415922,0.9906533
2023-11-06,1.9379156,0.5384901
2023-11-07,2.4013507,0.6728372
2023-11-08,2.1034935,0.48868278
2023-11-09,2.4579895,0.45815718
2023-11-10,4.385461,0.80254024
2023-11-11,1.3848642,0.38694006
2023-11-12,1.3483846,0.43395814
2023-11-13,3.005314,0.46538192
2023-11-14,3.2037704,0.5654556
2023-11-15,1.0104792,0.33762515
2023-11-16,2.4029944,0.5366554
2023-11-17,1.8422849,0.4650431
2023-11-18,4.558019,0.7775971
2023-11-19,2.9245868,0.66620183
2023-11-20,2.778356,0.7203242
2023-11-21,2.6194057,1.1773092
2023-11-22,0.5931351,0.3994138
2023-11-23,0.6909971,0.370852
2023-11-24,0.4601699,0.31549662
2023-11-25,1.4373215,0.38543916
2023-11-26,0.7641993,0.31564924
2023-11-27,0.2126632,0.26418573
2023-11-28,0.57027566,0.2949596
2023-11-29,0.6553819,0.2906206
2023-11-30,0.1672196,0.22578228
2023-12-01,0.090236865,0.21461327
2023-12-02,0.4175323,0.21994606
2023-12-03,1.5911704,0.30031508
2023-12-04,0.589404,0.22780237
2023-12-05,0.83425736,0.24523292
2023-12-06,0.7343437,0.24716541
2023-12-07,0.32111835,0.1914767
2023-12-08,0.06457121,0.1677057
2023-12-09,0.06903458,0.15887211
2023-12-10,0.110032134,0.15712105
2023-12-11,0.033449568,0.14793439
2023-12-12,0.105216764,0.14484397
2023-12-13,0.14049631,0.14145888
2023-12-14,0.03178479,0.13382368
2023-12-15,0.35525602,0.14286828
2023-12-16,0.06801065,0.12616651
2023-12-17,0.003904653,0.120383464
2023-12-18,0.011236173,0.11705249
2023-12-19,0.014528224,0.11407362
2023-12-20,0.055246178,0.1099509
2023-12-21,0.018840883,0.107209206
2023-12-22,0.00820402,0.10268328
2023-12-23,0.0048801634,0.09891012
2023-12-24,0.006354585,0.096040316
2023-12-25,0.00531404,0.092901595
2023-12-26,0.0093311975,0.09036788
2023-12-27,0.019862676,0.08959625
2023-12-28,0.06885206,0.09269594
2023-12-29,0.032716632,0.08335085
2023-12-30,0.18054256,0.08481341
2023-12-31,0.30250177,0.09354102
2024-01-01,0.13215035,0.08211473
2024-01-02,0.085569605,0.076301426
2024-01-03,0.02775909,0.07277404
2024-01-04,0.0054521784,0.06981606
2024-01-05,0.006022294,0.06794253
2024-01-06,0.0021883715,0.06595318
2024-01-07,0.004234333,0.064348094
2024-01-08,0.008607516,0.06290025
2024-01-09,0.018900933,0.062333465
2024-01-10,0.0038336853,0.05947576
2024-01-11,0.0012603311,0.05772483
2024-01-12,0.0008333376,0.056215875
2024-01-13,0.00927091,0.05507315
2024-01-14,0.01353966,0.05439765
2024-01-15,0.008754198,0.05256732
2024-01-16,0.021561157,0.05224322
2024-01-17,0.048906546,0.053052824
2024-01-18,0.06931726,0.053787064
2024-01-19,0.0051706806,0.04783384
2024-01-20,0.04344345,0.050238796
2024-01-21,0.14827429,0.055826973
2024-01-22,0.05827619,0.050640035
2024-01-23,0.047620106,0.0519419
2024-01-24,0.021242633,0.044132356
2024-01-25,0.004033297,0.041848574
2024-01-26,0.010122761,0.04144994
2024-01-27,0.10362082,0.048220843
2024-01-28,0.1349677,0.05187675
2024-01-29,0.03543097,0.04204498
2024-01-30,0.112247325,0.0466961
2024-01-31,0.3188918,0.062001884
2024-02-01,0.49604946,0.074734434
2024-02-02,0.038573254,0.03818827
2024-02-03,0.07893755,0.04623671
2024-02-04,0.25976875,0.053876784
2024-02-05,0.24704437,0.04429708
2024-02-06,0.07434862,0.03546076
2024-02-07,0.015232205,0.033481017
2024-02-08,0.044953,0.03437013
2024-02-09,0.14622499,0.045263574
2024-02-10,0.19822185,0.05174063
2024-02-11,0.04070917,0.034384374
2024-02-12,0.1523624,0.05606207
2024-02-13,0.030611806,0.030337786
2024-02-14,0.059465323,0.03569906
2024-02-15,0.14735717,0.033570617
2024-02-16,0.14388947,0.02924348
2024-02-17,0.37162206,0.040804584
2024-02-18,0.062494386,0.036546517
2024-02-19,0.18256313,0.03885119
2024-02-20,0.03675681,0.027808934
2024-02-21,0.03729512,0.026259629
2024-02-22,0.0076965643,0.024983156
2024-02-23,0.0028871316,0.02472753
2024-02-24,0.03750755,0.02431027
2024-02-25,0.028581034,0.026276125
2024-02-26,0.0942685,0.02862827
2024-02-27,0.14328732,0.025393775
2024-02-28,0.5490492,0.032234572
2024-02-29,0.020942621,0.022216957
2024-03-01,0.23330034,0.0334561
2024-03-02,0.12219492,0.02987151
2024-03-03,0.04681264,0.021382313
2024-03-04,0.032127764,0.021648621
2024-03-05,0.13885811,0.025039528
2024-03-06,0.2920351,0.03287898
2024-03-07,0.6633263,0.053792644
2024-03-08,0.15767622,0.021690276
2024-03-09,0.11537892,0.029375685
2024-03-10,0.24590676,0.03416886
2024-03-11,0.33273953,0.02746525
2024-03-12,0.0917457,0.03487379
2024-03-13,0.062585294,0.019320805
2024-03-14,0.20569102,0.022756929
2024-03-15,0.20533903,0.019472117
2024-03-16,0.2196743,0.02667523
2024-03-17,0.04743331,0.020345923
2024-03-18,0.18602535,0.023696005
2024-03-19,0.24606767,0.026533414
2024-03-20,0.040706087,0.019572161
2024-03-21,0.0752394,0.021866271
2024-03-22,0.086069934,0.028417146
2024-03-23,0.06742486,0.021594623
2024-03-24,0.44282413,0.030365435
2024-03-25,1.1785406,0.05875944
2024-03-26,0.65331364,0.021936765
2024-03-27,1.053767,0.052805975
2024-03-28,0.21457079,0.023317907
2024-03-29,0.07246501,0.022236064
2024-03-30,0.31658855,0.024566252
2024-03-31,1.3758692,0.04758296
2024-04-01,0.702552,0.053931966
2024-04-02,4.2245913,0.16180873
2024-04-03,3.168475,0.1253931
2024-04-04,0.7074374,0.114425726
2024-04-05,1.0999337,0.07745091
2024-04-06,6.456345,0.43711123
2024-04-07,6.0234976,0.59865564
2024-04-08,0.94533527,0.17851654
2024-04-09,0.4140482,0.04408252
2024-04-10,0.10957096,0.025443736
2024-04-11,0.07696731,0.019389873
2024-04-12,0.5310215,0.038834576
2024-04-13,0.38463005,0.03869359
2024-04-14,0.058511406,0.020199714
2024-04-15,0.5513227,0.056867994
2024-04-16,0.13850991,0.022698067
2024-04-17,0.05411639,0.017328722
2024-04-18,1.0328338,0.07569511
2024-04-19,0.325413,0.049150184
2024-04-20,1.2802022,0.092321515
2024-04-21,1.4048774,0.062214553
2024-04-22,0.08947829,0.019690953
2024-04-23,0.20624407,0.03214319
2024-04-24,1.0126704,0.08372468
2024-04-25,1.9649619,0.120432116
2024-04-26,1.4671113,0.12516406
2024-04-27,0.63945806,0.06936996
2024-04-28,1.8113627,0.123340026
2024-04-29,1.3118117,0.13480951
2024-04-30,0.6103976,0.06429172
2024-05-01,2.3880959,0.16642116
2024-05-02,0.85051185,0.052973073
2024-05-03,0.97221214,0.10859949
2024-05-04,2.372813,0.2501546
2024-05-05,0.113231145,0.046575524
2024-05-06,0.29235908,0.076380454
2024-05-07,0.14142221,0.03758611
2024-05-08,0.123952985,0.035795186
2024-05-09,0.5818294,0.068519294
2024-05-10,0.37291583,0.09996242
2024-05-11,0.14089435,0.052687537
2024-05-12,0.5830368,0.07996066
2024-05-13,0.78616065,0.14971964
2024-05-14,4.4670253,0.21837363
2024-05-15,4.3964434,0.31124258
2024-05-16,0.23963167,0.06293361
2024-05-17,0.36694863,0.07232604
2024-05-18,0.7852326,0.14057
2024-05-19,2.1342962,0.13194944
2024-05-20,1.2973572,0.13705236
2024-05-21,0.7698022,0.09822264
2024-05-22,2.167506,0.12839095
2024-05-23,7.266135,0.35252756
2024-05-24,4.3938346,0.36569387
2024-05-25,2.0947254,0.15246719
2024-05-26,1.8729398,0.120531574
2024-05-27,0.1999106,0.055838365
2024-05-28,0.63386726,0.08324404
2024-05-29,1.461993,0.11032894
2024-05-30,0.77135354,0.09213187
2024-05-31,0.78592306,0.24793917
2024-06-01,1.4270376,0.28843096
2024-06-02,0.55990344,0.08950025
2024-06-03,0.5969707,0.12738578
2024-06-04,1.6803066,0.17830992
2024-06-05,1.7421377,0.21329337
2024-06-06,1.2854536,0.25238383
2024-06-07,1.6590216,0.17659707
2024-06-08,3.120751,0.22305049
2024-06-09,4.4206996,0.2780059
2024-06-10,1.7142866,0.1646027
2024-06-11,3.2261064,0.19970363
2024-06-12,4.448796,0.3101819
2024-06-13,1.2228652,0.21267769
2024-06-14,0.8298253,0.14811027
2024-06-15,1.3506815,0.141511
2024-06-16,2.0622597,0.2132834
2024-06-17,1.1671839,0.16233018
2024-06-18,0.4529305,0.111915745
2024-06-19,0.38267475,0.10359708
2024-06-20,0.3999007,0.099397525
2024-06-21,0.4753573,0.12199709
2024-06-22,3.3987443,0.20128343
2024-06-23,5.964181,0.19711307
2024-06-24,1.1549138,0.105201215
2024-06-25,0.97385883,0.13987504
2024-06-26,0.41852915,0.08768915
2024-06-27,2.7303202,0.12805748
2024-06-28,1.1279268,0.12363814
2024-06-29,1.8068527,0.12635686
2024-06-30,0.31858394,0.06453038
2024-07-01,1.0333028,0.080078736
2024-07-02,0.58022445,0.06623574
2024-07-03,1.5630133,0.10976701
2024-07-04,0.47312334,0.051817648
2024-07-05,2.757415,0.08405163
2024-07-06,10.143951,0.4039004
2024-07-07,3.7775967,0.13740529
2024-07-08,0.7617781,0.06813431
2024-07-09,2.5394685,0.11844609
2024-07-10,5.9465,0.24210036
2024-07-11,6.5214972,0.37367275
2024-07-12,1.9712243,0.19192743
2024-07-13,4.8558683,0.24763003
2024-07-14,4.974495,0.23891808
2024-07-15,3.6059508,0.28857976
2024-07-16,3.0354156,0.24525641
2024-07-17,4.5911217,0.29656294
2024-07-18,4.6826744,0.2797197
2024-07-19,6.761828,0.422219
2024-07-20,8.093601,0.50503474
2024-07-21,7.5891304,0.6838659
2024-07-22,4.7037477,0.35743645
2024-07-23,2.6901803,0.19261812
2024-07-24,3.6578772,0.35841966
2024-07-25,3.2170653,0.25578314
2024-07-26,7.897719,0.4428172
2024-07-27,9.977026,0.76941925
2024-07-28,5.012179,0.3582261
2024-07-29,4.6417384,0.30309767
2024-07-30,7.5011587,0.5015005
2024-07-31,10.190332,0.8038774
2024-08-01,4.0292974,0.3124456
2024-08-02,1.0635531,0.16778947
2024-08-03,3.5979924,0.28865474
2024-08-04,7.9255614,0.49183938
2024-08-05,7.2626143,0.6253611
2024-08-06,3.0992842,0.31407985
2024-08-07,6.3051357,0.5204145
2024-08-08,5.632896,0.5390612
2024-08-09,5.2489176,0.5967439
2024-08-10,4.8682446,0.56257147
2024-08-11,8.3728,0.84719235
2024-08-12,4.626283,0.6062394
2024-08-13,5.8929195,0.5557045
2024-08-14,13.374223,1.793917
2024-08-15,5.3537817,0.6472357
2024-08-16,5.149277,0.41354492
2024-08-17,12.513524,1.720398
2024-08-18,8.241268,1.0394633
2024-08-19,4.252349,0.44083774
2024-08-20,7.961383,0.77360785
2024-08-21,24.548073,4.6434507
2024-08-22,11.92421,2.673076
2024-08-23,2.0200412,0.3422738
2024-08-24,7.2278504,0.66156054
2024-08-25,7.0069156,0.9265803
2024-08-26,4.755717,0.59198374
2024-08-27,5.75433,0.49353984
2024-08-28,8.402859,1.1751992
2024-08-29,2.8615947,0.40339938
2024-08-30,6.108798,0.79526883
2024-08-31,7.8914666,0.82143575
2024-09-01,10.796752,1.539579
2024-09-02,3.3698375,0.48596233
2024-09-03,8.817959,1.4556623
2024-09-04,10.372531,1.7256266
2024-09-05,3.8680406,0.6342101
2024-09-06,1.471012,0.3385983
2024-09-07,3.396456,0.58184975
2024-09-08,2.8263273,0.40868372
2024-09-09,2.6224763,0.36934516
2024-09-10,2.0972586,0.32834762
2024-09-11,1.9947859,0.3349488
2024-09-12,6.280868,0.73694384
2024-09-13,4.490606,0.4693148
2024-09-14,1.2426996,0.26944017
2024-09-15,3.807608,0.41859075
2024-09-16,5.567778,0.5469969
2024-09-17,3.716153,0.45474064
2024-09-18,0.98963934,0.2500052
2024-09-19,3.9634266,0.4202413
2024-09-20,5.338913,0.61609256
2024-09-21,2.5930326,0.34505826
2024-09-22,1.972554,0.31443697
2024-09-23,7.092481,0.77243096
2024-09-24,3.9026687,0.50931907
2024-09-25,3.1167443,0.45781434
2024-09-26,2.7814534,0.4740115
2024-09-27,1.231284,0.23578256
2024-09-28,4.4147468,0.5647969
2024-09-29,8.894365,0.87199557
2024-09-30,3.7609856,0.4024305
2024-10-01,2.946724,0.4675113
2024-10-02,4.266529,0.57909876
2024-10-03,5.661803,1.0612371
2024-10-04,2.0900986,0.50340354
2024-10-05,1.0574793,0.348628
2024-10-06,6.0228457,0.9212718
2024-10-07,5.999365,0.98602813
2024-10-08,3.7869046,0.59720236
2024-10-09,4.051723,0.5970623
2024-10-10,3.0216608,0.5030469
2024-10-11,2.8521981,0.48733494
2024-10-12,3.818839,0.5756252
2024-10-13,3.6813734,0.49681106
2024-10-14,2.332163,0.5373041
2024-10-15,5.9232717,0.83112466
2024-10-16,4.170426,0.6082277
2024-10-17,1.9963386,0.38789138
2024-10-18,2.3039994,0.555509
2024-10-19,2.2207606,0.4546006
2024-10-20,4.2140884,0.6185308
2024-10-21,2.8653517,0.39145955
2024-10-22,2.5251505,0.49018976
2024-10-23,4.969123,1.082861
2024-10-24,1.4966637,0.613927
2024-10-25,3.7351646,0.7760938
2024-10-26,4.389619,0.8636898
2024-10-27,2.5188012,0.610006
2024-10-28,1.3800046,0.54012764
2024-10-29,1.44405,0.53553665
2024-10-30,1.3973187,0.4534565
2024-10-31,2.9323368,0.552084
2024-11-01,2.6889741,0.54621744
2024-11-02,1.8919779,0.4399339
2024-11-03,1.3794415,0.46157768
2024-11-04,1.5827262,0.44313613
2024-11-05,0.69725555,0.29988727
2024-11-06,0.45701578,0.27230817
2024-11-07,0.30034047,0.26112768
2024-11-08,0.0915055,0.24564293
2024-11-09,0.19681768,0.2424507
2024-11-10,1.0930598,0.26201156
2024-11-11,1.0189083,0.25815758
2024-11-12,0.65443635,0.22898164
2024-11-13,0.113875546,0.20415016
2024-11-14,0.036826354,0.18817148
2024-11-15,0.565461,0.19675325
2024-11-16,2.7949984,0.49707097
2024-11-17,0.26090258,0.17592764
2024-11-18,0.13231222,0.16330498
2024-11-19,0.15087113,0.15860473
2024-11-20,0.581786,0.1730513
2024-11-21,0.9583354,0.20076802
2024-11-22,1.2990191,0.2442911
2024-11-23,0.960182,0.21983047
2024-11-24,1.2003869,0.29967707
2024-11-25,1.1144068,0.21415934
2024-11-26,1.1694899,0.25599736
2024-11-27,1.8789408,0.261434
2024-11-28,0.9765625,0.17269053
2024-11-29,0.12829198,0.14987995
2024-11-30,0.022034908,0.12556103
2024-12-01,0.034086853,0.124325976
2024-12-02,0.021825803,0.1205699
2024-12-03,0.020458901,0.117090814
2024-12-04,0.003799507,0.110684134
2024-12-05,0.006459256,0.10805512
2024-12-06,0.015172868,0.10471916
2024-12-07,0.0013562208,0.10150804
2024-12-08,0.0,0.09885459
2024-12-09,0.00036433304,0.0961832
2024-12-10,0.00217508,0.09382916
2024-12-11,0.0011815308,0.091213085
2024-12-12,0.07681184,0.08954855
2024-12-13,0.021546679,0.08673891
2024-12-14,0.011356034,0.08435591
2024-12-15,0.0065634535,0.082278855
2024-12-16,0.006990684,0.08085357
2024-12-17,0.0049950415,0.07855696
2024-12-18,0.012224263,0.07690263
2024-12-19,0.02178854,0.075162254
2024-12-20,0.094449125,0.073892795
2024-12-21,0.015647333,0.07134531
2024-12-22,0.054907,0.07065438
2024-12-23,0.025598964,0.06822842
2024-12-24,0.042357095,0.067181945
2024-12-25,0.030053558,0.067366004
2024-12-26,0.0348065,0.0659686
2024-12-27,0.03573454,0.06707573
2024-12-28,0.010973901,0.06178174
2024-12-29,0.005231443,0.059950463
2024-12-30,0.00021124196,0.058296725
2024-12-31,0.00014929347,0.057075202
